:020000040800F2
:1000000000000320610E0008D1220008D922000858
:10001000E1220008E9220008F122000800000000A7
:10002000000000000000000000000000F9220008AD
:100030000723000800000000152300082323000800
:10004000B50E0008B50E0008B50E0008A92300087B
:10005000B50E0008B50E0008B50E0008C123000853
:10006000CF230008DD230008EB230008B50E0008AD
:10007000B50E0008B50E0008B50E0008B50E000854
:10008000B50E0008B50E0008B50E0008B50E000844
:10009000B50E0008B50E0008B50E0008F9230008DB
:1000A000B50E000831230008B5230008B50E00087E
:1000B000B50E0008B50E0008B50E0008B50E000814
:1000C000B50E0008B50E0008B50E0008B50E000804
:1000D00045230008B50E0008B50E0008B50E00084F
:1000E00091230008B50E0008B50E0008B50E0008F3
:1000F000792300088523000859230008B50E00085D
:10010000B50E0008B50E0008B50E0008B50E0008C3
:10011000B50E0008B50E0008B50E0008B50E0008B3
:10012000B50E0008B50E000865230008B50E0008DE
:0C013000B50E0008B50E0008B50E000862
:1001400010B5054C237833B9044B13B10448AFF311
:1001500000800123237010BDF80100200000000082
:10016000D0B7000808B5034B1BB103490348AFF3F0
:10017000008008BD00000000FC010020D0B700088E
:1001800001F0FF01102A2BDB10F0070F08D010F848
:10019000013B013A8B422DD010F0070F42B3F6D14C
:1001A000F0B441EA012141EA014122F007047FF065
:1001B00000070023F0E80256083C85EA010586EABC
:1001C000010685FA47F5A3FA87F586FA47F6A5FAF8
:1001D00087F68EB9EED1F0BC01F0FF0102F0070204
:1001E00032B110F8013B013A83EA010313B1F8D1AF
:1001F0000020704701387047002D06BF3546033890
:10020000073815F0010F07D1013015F4807F02BFC8
:10021000013015F4C03F0130F0BC0138704700BF19
:10022000034613F8012B002AFBD1181A0138704736
:1002300081F0004102E000BF83F0004330B54FEA97
:1002400041044FEA430594EA050F08BF90EA020F04
:100250001FBF54EA000C55EA020C7FEA645C7FEA97
:10026000655C00F0E2804FEA5454D4EB5555B8BFBA
:100270006D420CDD2C4480EA020281EA030382EA2B
:10028000000083EA010180EA020281EA0303362DBD
:1002900088BF30BD11F0004F4FEA01314FF4801C90
:1002A0004CEA113102D0404261EB410113F0004FA2
:1002B0004FEA03334CEA133302D0524263EB430359
:1002C00094EA050F00F0A780A4F10104D5F1200EF7
:1002D0000DDB02FA0EFC22FA05F2801841F1000152
:1002E00003FA0EF2801843FA05F359410EE0A5F126
:1002F00020050EF1200E012A03FA0EFC28BF4CF057
:10030000020C43FA05F3C01851EBE37101F000450C
:1003100007D54FF0000EDCF1000C7EEB00006EEB19
:100320000101B1F5801F1BD3B1F5001F0CD34908A3
:100330005FEA30004FEA3C0C04F101044FEA4452FA
:1003400012F5800F80F09A80BCF1004F08BF5FEA81
:10035000500C50F1000041EB045141EA050130BD61
:100360005FEA4C0C404141EB0101013C28BFB1F573
:10037000801FE9D291F0000F04BF01460020B1FABE
:1003800081F308BF2033A3F10B03B3F120020CDA91
:100390000C3208DD02F1140CC2F10C0201FA0CF06F
:1003A00021FA02F10CE002F11402D8BFC2F1200CD4
:1003B00001FA02F120FA0CFCDCBF41EA0C0190408A
:1003C000E41AA2BF01EB0451294330BD6FEA0404D3
:1003D0001F3C1CDA0C340EDC04F11404C4F12002BE
:1003E00020FA04F001FA02F340EA030021FA04F3D0
:1003F00045EA030130BDC4F10C04C4F1200220FA27
:1004000002F001FA04F340EA0300294630BD21FA64
:1004100004F0294630BD94F0000F83F4801306BF2A
:1004200081F480110134013D4EE77FEA645C18BF1E
:100430007FEA655C29D094EA050F08BF90EA020FB5
:1004400005D054EA000C04BF1946104630BD91EAAD
:10045000030F1EBF0021002030BD5FEA545C05D1B0
:100460004000494128BF41F0004130BD14F58004EF
:100470003CBF01F5801130BD01F0004545F0FE4163
:1004800041F470014FF0000030BD7FEA645C1ABF98
:10049000194610467FEA655C1CBF0B46024650EACF
:1004A000013406BF52EA033591EA030F41F40021FB
:1004B00030BD00BF90F0000F04BF0021704730B581
:1004C0004FF4806404F132044FF000054FF0000156
:1004D00050E700BF90F0000F04BF0021704730B517
:1004E0004FF4806404F1320410F0004548BF4042EC
:1004F0004FF000013EE700BF42004FEAE2014FEA41
:1005000031014FEA02701FBF12F07F4393F07F4F1B
:1005100081F06051704732F07F4208BF704793F01E
:100520007F4F04BF41F40021704730B54FF4607431
:1005300001F0004521F000411CE700BF50EA010234
:1005400008BF704730B54FF000050AE050EA0102DD
:1005500008BF704730B511F0004502D5404261EB4D
:1005600041014FF4806404F132045FEA915C3FF48E
:10057000D8AE4FF003025FEADC0C18BF03325FEA2B
:10058000DC0C18BF033202EBDC02C2F1200300FADC
:1005900003FC20FA02F001FA03FE40EA0E0021FA01
:1005A00002F11444BDE600BF70B54FF0FF0C4CF4EF
:1005B000E06C1CEA11541DBF1CEA135594EA0C0FA1
:1005C00095EA0C0F00F0DEF82C4481EA030621EADC
:1005D0004C5123EA4C5350EA013518BF52EA033517
:1005E00041F4801143F4801338D0A0FB02CE4FF0C9
:1005F0000005E1FB02E506F00042E0FB03E54FF0F9
:100600000006E1FB03569CF0000F18BF4EF0010EF0
:10061000A4F1FF04B6F5007F64F5407404D25FEAEC
:100620004E0E6D4146EB060642EAC62141EA55519F
:100630004FEAC52040EA5E504FEACE2EB4F1FD0CE1
:1006400088BFBCF5E06F1ED8BEF1004F08BF5FEA5F
:10065000500E50F1000041EB045170BD06F0004611
:1006600046EA010140EA020081EA0301B4EB5C04BE
:10067000C2BFD4EB0C0541EA045170BD41F48011B6
:100680004FF0000E013C00F3AB8014F1360FDEBFDB
:10069000002001F0004170BDC4F10004203C35DAB7
:1006A0000C341BDC04F11404C4F1200500FA05F33A
:1006B00020FA04F001FA05F240EA020001F00042DB
:1006C00021F0004110EBD37021FA04F642EB060151
:1006D0005EEA430E08BF20EAD37070BDC4F10C047B
:1006E000C4F1200500FA04F320FA05F001FA04F23F
:1006F00040EA020001F0004110EBD37041F100012B
:100700005EEA430E08BF20EAD37070BDC4F1200535
:1007100000FA05F24EEA020E20FA04F301FA05F29D
:1007200043EA020321FA04F001F0004121FA04F245
:1007300020EA020000EBD3705EEA430E08BF20EA15
:10074000D37070BD94F0000F0FD101F0004640004F
:1007500041EB010111F4801F08BF013CF7D041EAD1
:10076000060195F0000F18BF704703F000465200D5
:1007700043EB030313F4801F08BF013DF7D043EAA6
:100780000603704794EA0C0F0CEA135518BF95EA5C
:100790000C0F0CD050EA410618BF52EA4306D1D1E3
:1007A00081EA030101F000414FF0000070BD50EA02
:1007B000410606BF1046194652EA430619D094EA8C
:1007C0000C0F02D150EA013613D195EA0C0F05D176
:1007D00052EA03361CBF104619460AD181EA0301CA
:1007E00001F0004141F0FE4141F470014FF0000082
:1007F00070BD41F0FE4141F4780170BD70B54FF01D
:10080000FF0C4CF4E06C1CEA11541DBF1CEA13559C
:1008100094EA0C0F95EA0C0F00F0A7F8A4EB05047E
:1008200081EA030E52EA03354FEA013100F0888075
:100830004FEA03334FF0805545EA131343EA12633E
:100840004FEA022245EA111545EA10654FEA0026F3
:100850000EF000419D4208BF964244F1FD0404F5AC
:10086000407402D25B084FEA3202B61A65EB030508
:100870005B084FEA32024FF480104FF4002CB6EBC5
:10088000020E75EB030E22BFB61A754640EA0C0045
:100890005B084FEA3202B6EB020E75EB030E22BF85
:1008A000B61A754640EA5C005B084FEA3202B6EBC6
:1008B000020E75EB030E22BFB61A754640EA9C0085
:1008C0005B084FEA3202B6EB020E75EB030E22BF55
:1008D000B61A754640EADC0055EA060E18D04FEA13
:1008E000051545EA16754FEA06164FEAC30343EAB3
:1008F00052734FEAC2025FEA1C1CC0D111F4801F80
:100900000BD141EA00014FF000004FF0004CB6E778
:1009100011F4801F04BF01430020B4F1FD0C88BF17
:10092000BCF5E06F3FF6AFAEB5EB030C04BFB6EB22
:10093000020C5FEA500C50F1000041EB045170BD15
:100940000EF0004E4EEA113114EB5C04C2BFD4EB42
:100950000C0541EA045170BD41F480114FF0000EC6
:10096000013C90E645EA060E8DE60CEA135594EA42
:100970000C0F08BF95EA0C0F3FF43BAF94EA0C0F45
:100980000AD150EA01347FF434AF95EA0C0F7FF4BA
:1009900025AF104619462CE795EA0C0F06D152EA0E
:1009A00003353FF4FDAE1046194622E750EA4106F2
:1009B00018BF52EA43067FF4C5AE50EA41047FF403
:1009C0000DAF52EA43057FF4EBAE12E74FF0FF3C68
:1009D00006E000BF4FF0010C02E000BF4FF0010C39
:1009E0004DF804CD4FEA410C7FEA6C5C4FEA430CB2
:1009F00018BF7FEA6C5C1BD001B050EA410C0CBF01
:100A000052EA430C91EA030F02BF90EA020F002062
:100A1000704710F1000F91EA030F58BF994208BFC9
:100A200090422CBFD8176FEAE37040F00100704786
:100A30004FEA410C7FEA6C5C02D150EA013C07D1DD
:100A40004FEA430C7FEA6C5CD6D152EA033CD3D028
:100A50005DF8040B704700BF8446104662468C4622
:100A60001946634600E000BF01B5FFF7B7FF002855
:100A700048BF10F1000F01BD4DF808EDFFF7F4FF7E
:100A80000CBF012000205DF808FB00BF4DF808ED09
:100A9000FFF7EAFF34BF012000205DF808FB00BF2C
:100AA0004DF808EDFFF7E0FF94BF012000205DF84E
:100AB00008FB00BF4DF808EDFFF7CEFF94BF012003
:100AC00000205DF808FB00BF4DF808EDFFF7C4FFFC
:100AD00034BF012000205DF808FB00BF4FEA410C45
:100AE0007FEA6C5C02D150EA013C0AD14FEA430C28
:100AF0007FEA6C5C02D152EA033C02D14FF0000065
:100B000070474FF0010070474FEA410212F50012A2
:100B100015D211D56FF47873B3EB625212D94FEA44
:100B2000C12343F0004343EA505311F0004F23FA2E
:100B300002F018BF404270474FF00000704750EA83
:100B4000013005D111F0004008BF6FF00040704740
:100B50004FF00000704700BF53B94AB9002908BFE1
:100B600000281CBF4FF0FF314FF0FF3000F06AB992
:100B7000ADF1080C6DE904CE00F006F8DDF804E0F4
:100B8000DDE9022304B070472DE9F047089D0C46CB
:100B9000002B4ED194468C458646B2FA82F262D939
:100BA0004AB1C2F12003914020FA03F30CFA02FC8F
:100BB000194300FA02FE4FEA1C471FFA8CF6B1FBFC
:100BC000F7F44FEA1E4307FB141143EA014304FB09
:100BD00006F199420AD91CEB030304F1FF3080F0BF
:100BE0001281994240F20F81023C6344591A1FFA64
:100BF0008EF3B1FBF7F007FB101143EA014300FB52
:100C000006F69E420AD91CEB030300F1FF3180F087
:100C1000FC809E4240F2F980634402389B1B40EA0C
:100C2000044000211DB1D3400022C5E90032BDE8D7
:100C3000F0878B4205D90DB1C5E9000100210846B6
:100C4000F5E7B3FA83F1002946D1A34202D39042DB
:100C5000C0F0F080861A64EB03030120002DE6D07B
:100C6000C5E90063E3E7002A40F09080A1EB0C04A3
:100C70004FEA1C481FFA8CF70121B4FBF8F64FEA43
:100C80001E4308FB164443EA044307FB06F0984260
:100C900008D91CEB030306F1FF3402D2984200F29C
:100CA000CD8026461C1A1FFA8EF3B4FBF8F008FB21
:100CB000104443EA044300FB07F79F4208D91CEBAA
:100CC000030300F1FF3402D29F4200F2B0802046BD
:100CD000DB1B40EA0640A5E7C1F120068B4022FA63
:100CE00006F71F4320FA06FC04FA01F343EA0C035B
:100CF000F44000FA01F8380C4FEA1349B4FBF0FE57
:100D00001FFA87FC00FB1E4449EA04440EFB0CF961
:100D1000A14502FA01F20AD93C190EF1FF3A80F01E
:100D20008480A14540F28180AEF1020E3C44A4EBE8
:100D300009041FFA83F9B4FBF0F300FB134449EAFA
:100D4000044403FB0CFCA44507D93C1903F1FF3014
:100D500067D2A44565D9023B3C4443EA0E40A0FB60
:100D60000293A4EB0C049C42CE469C4651D34ED039
:100D700055B1B8EB0E0364EB0C0404FA06F6CB4055
:100D80001E43CC40C5E90064002150E7C2F12003B6
:100D900020FA03F10CFA02FC24FA03F394400C430A
:100DA0004FEA1C4800FA02FE1FFA8CF7B3FBF8F07A
:100DB00008FB1031230C43EA014300FB07F1994281
:100DC00008D91CEB030300F1FF362CD299422AD933
:100DD000023863445B1AA4B2B3FBF8F108FB113389
:100DE00044EA034401FB07F3A34208D91CEB0404C3
:100DF00001F1FF3613D2A34211D902396444E41A37
:100E000041EA004139E70446F0E6084606E7C845EE
:100E1000AED2B9EB020E63EB070C0138A8E73146FE
:100E2000EDE7034699E73046D4E7D6467FE76344CB
:100E300002384DE70646234608460FE7023E634464
:100E400030E700BF704700BFD458C4500433C41803
:100E50008C42F9D37047036004308842FBD370475B
:100E60000C48854602F062F90B480C490C4A0023F5
:100E7000FFF7EDFF0B480C490023FFF7EEFF0B488F
:100E80000B490023FFF7E9FF08F024FF00F064FEA0
:100E9000FEE700000000032008000020E40100201D
:100EA00070CD0008F801002004090020D8000320BC
:100EB000D8000320FEE7000080B483B000AF786064
:100EC0004FF0B0430A4AC3F89C204FF0B043D3F828
:100ED0009C3023F47C527B681B024FF0B0411343DB
:100EE000C1F89C3000BF0C37BD465DF8047B7047ED
:100EF000FECAFECA80B500AF044B4FF400421A612F
:100F000000F006F800F00BF800BF80BD004000586C
:100F100080B400AF00BFBD465DF8047B704780B56C
:100F200082B000AF002007F037FA78607B68002BB2
:100F300005D07B689B791846FFF7BEFF00BF00BF56
:100F40000837BD4680BD80B400AF00BFBD465DF828
:100F5000047B704780B582B000AF786039604FF095
:100F6000FF3007F0B5FD00BF0837BD4680BD00006B
:100F700080B582B000AF0346FB80FB88B3F5005F0D
:100F80001FD0B3F5005F1FDC102B0EDC022B1BDB28
:100F90001A46104BD34003F00103002B14BF01236A
:100FA0000023DBB2002B04D10EE0B3F5805F05D047
:100FB0000AE0FB88184602F067F806E001F0CEFA76
:100FC00003E001F003FB00E000BF00BF0837BD46AF
:100FD00080BD00BF1401010080B582B000AF0346A0
:100FE000FB71FB79002B05D001220121064802F09C
:100FF0000FFF04E000220121034802F009FF00BFB7
:101000000837BD4680BD00BF001C004880B483B0D7
:1010100000AF0D4B9B6A9BB27B600B4B9B6A9BB2F4
:101020003B6005E03B687B60074B9B6A9BB23B6083
:101030007A683B689A42F5D13B6818460C37BD4642
:101040005DF8047B704700BF0028004080B485B085
:1010500000AF03460A46FB711346BB71BA791D49BE
:1010600013465B001344DB000B4415331B78FB7302
:10107000FB7B062B09D0FA7B164913465B00134411
:10108000DB000B441433FA791A70FA7911491346CC
:101090005B001344DB000B441533FA7B1A70FA79BA
:1010A0000C4913465B001344DB000B441433BA793C
:1010B0001A70BA79074913465B001344DB000B44EE
:1010C0001533FA791A7000BF1437BD465DF8047BFA
:1010D000704700BF1402002080B485B000AF034603
:1010E0000A46FB711346BB71294B1B78DBB2BA79F8
:1010F0009A4232D0BA79274913465B001344DB0089
:101100000B4414331B78FB73FA7B224913465B00B4
:101110001344DB000B441533FA791A70FA791D4930
:1011200013465B001344DB000B441533BA791A7085
:10113000FA79184913465B001344DB000B4414335F
:10114000FA7B1A70BA79134913465B001344DB002B
:101150000B441433FA791A7014E0FA790D491346E6
:101160005B001344DB000B441533BA791A70BA796B
:10117000084913465B001344DB000B441433FA792F
:101180001A7000BF1437BD465DF8047B704700BF7E
:10119000A40200201402002080B584B000AF0346F2
:1011A000FB714E4B1B78DBB2062B18D14B4B1B78D7
:1011B000DAB24B4B1A70494AFB791370FA794949F4
:1011C00013465B001344DB000B44153306221A70F0
:1011D000454B4FF0FF321A600023FB8178E000F0AE
:1011E00009F90346FB81FA793E4913465B00134433
:1011F000DB000B4408331968FB89FA791944394834
:1012000013465B001344DB00034408331960FA798A
:10121000344913465B001344DB000B4408331B685E
:10122000BB602E4B1B78DBB219462E4A0B465B0087
:101230000B44DB00134408331B68BA689A4237D367
:10124000264B1B787B737A7B264913465B0013443D
:10125000DB000B4415331B783B7313E07A7B214989
:1012600013465B001344DB000B4415331B787B7380
:101270007A7B1C4913465B001344DB000B44153397
:101280001B783B733B7B062B0BD03A7B15491346EF
:101290005B001344DB000B4408331B68BA689A42B6
:1012A000DCD27A7BFB7911461846FFF7CFFE0FE0C0
:1012B0000A4B1B78DAB2FB7911461846FFF70CFF90
:1012C000064B1B78DAB2064B1A70044AFB7913708E
:1012D000FB8918461037BD4680BD00BFA402002020
:1012E000A502002014020020A802002080B485B0CE
:1012F00000AF03460A46FB711346BB71394B1B789E
:10130000DBB2FA799A4211D1364B1B78DAB2364BFE
:101310001A70FA79354913465B001344DB000B441D
:1013200015331B78DAB22F4B1A703EE0FA792F4949
:1013300013465B001344DB000B4414331B78FB7330
:10134000FA792A4913465B001344DB000B4415333A
:101350001B78BB73F979FA7B24480B465B000B447E
:10136000DB00034415331B78D8B2204913465B00D9
:101370001344DB000B44153302461A70BB7B062B6B
:1013800013D0F979BA7B19480B465B000B44DB009C
:10139000034414331B78D8B2144913465B0013443A
:1013A000DB000B44143302461A70FA790F491346D6
:1013B0005B001344DB000B440C3301221A70094B11
:1013C0001B78DBB2062B07D1BB79002B04D1084B6D
:1013D0004FF0FF321A6000BF00BF1437BD465DF802
:1013E000047B7047A4020020A50200201402002004
:1013F000A802002080B582B000AF1A4B1B68B3F181
:10140000FF3F26D0FFF702FE7860164B1B687A6814
:101410009A4205D8134B1A687B68D31A7B600AE09E
:10142000114B1B881A467B68D31A3B600D4B1B6817
:101430003A6813447B600D4B1B781A467B6802FBAD
:1014400003F37B600A4B1B781A467B68D3407B60B2
:1014500001E000237B607B689BB218460837BD46DD
:1014600080BD00BFA8020020B0020020AE02002014
:10147000AD02002080B582B000AF0346FB80FB8840
:10148000002B08D1FFF7C2FD0346214A1360032059
:1014900002F09FF839E0FB88012B03D81D4B1B7825
:1014A000012B02D0FB88013BFB8000BF1A4B1B685D
:1014B000DB6803F00403002BF8D0174B1B68DB68D4
:1014C000DAB2154B1B6862F49062DA60134B4FF48A
:1014D0000022DA60032002F08AF8114B5B691B0CD2
:1014E0001B04FA880E4913434B61FFF78FFD034637
:1014F000074A1360084B1B689A68074B1B6842F445
:1015000080629A60AFF3008000BF0837BD4680BD9F
:10151000A8020020AD020020F402002000080058BC
:101520000028004080B584B000AF454B9B6803F4B1
:101530008063B3F5806F07D100BF424B1B68DB6847
:1015400003F00403002BF8D13E4B1B689A683D4B17
:101550001B6822F480629A603B4B1B78FB73FA7B1A
:101560003A4913465B001344DB000B4408331B6805
:10157000BB60FFF73FFF0346FB80FB88BA689A42D7
:1015800005D20023BB81324B01221A704DE0FB884B
:10159000304A128892B213441A46BB68934206D965
:1015A0002C4B1B88BB812A4B00221A703DE0BB6884
:1015B0009AB2FB88D31ABB81254B01221A7034E002
:1015C000FA7B224913465B001344DB000B440833CB
:1015D0001A68FB889A420AD2FA7B1C4913465B00C0
:1015E0001344DB000B44083300221A6013E0FA7B3B
:1015F000164913465B001344DB000B44083319689B
:10160000FB88FA7BC91A114813465B001344DB00C0
:10161000034408331960FA7B0C4913465B001344FA
:10162000DB000B4415331B78FB73FB7B062BC7D108
:10163000BB891846FFF71EFF00BF1037BD4680BDAF
:1016400000280040F4020020A40200201402002020
:10165000AC020020B202002080B58AB000AFEFF3E8
:1016600010837B617B697B6272B600BF594B1B683C
:10167000CA225A62574B1B6853225A62554B1B6849
:101680009A68544B1B6822F480629A60524B1B7814
:1016900087F8233097F82320504913465B00134402
:1016A000DB000B440C331B78DBB2022B6ED197F8B6
:1016B00023204A4913465B001344DB000B441B689C
:1016C000FB6197F82320454913465B001344DB0078
:1016D0000B4410331B68BB61414B1B78DBB2002B02
:1016E0004CD097F823203D4913465B001344DB00A0
:1016F0000B440D331B78DBB2012B24D197F8233038
:1017000001211846FFF7F2FD7B6A3B613B6983F3D9
:10171000108800BF97F82320304913465B0013441C
:10172000DB000B4404331A6897F82330114618463F
:1017300000F0DEF8274B1B68CA225A62254B1B6853
:1017400053225A6212E07B6AFB60FB6883F31088C5
:1017500000BF97F82330184600F046F81D4B1B6871
:10176000CA225A621B4B1B6853225A6297F82330D5
:10177000FA691946B86900F041F922E0FFF7D2FE94
:101780007B6ABB60BB6883F310881AE000BF114B13
:101790001B68DB6803F00403002BF8D00D4B1B68BB
:1017A000DB68DAB20B4B1B6862F49062DA600D4BB7
:1017B0004FF40022DA607B6A7B607B6883F31088D9
:1017C00000BF044B1B68FF225A6200BF2837BD468A
:1017D00080BD00BFF4020020A402002014020020FB
:1017E000AC0200200008005880B586B000AF034668
:1017F000FB71EFF31083FB60FB687B6172B600BF87
:10180000032001F0CCFE344B1B68CA225A62324BD3
:101810001B6853225A62FA79304913465B0013441D
:10182000DB000B440C331B78DBB2022B42D1FB797B
:1018300000211846FFF75AFD294B1B78FB74FB7CEF
:10184000062B2FD1274B9B6803F48063B3F5806F81
:1018500007D100BF204B1B68DB6803F00403002B9B
:10186000F8D11D4B1B689A681B4B1B6822F48062E1
:101870009A6000BF184B1B68DB6803F00403002B61
:10188000F8D0154B1B68DB68DAB2134B1B6862F4A7
:101890009062DA60144B4FF40022DA60032001F00A
:1018A000A6FE07E0114B1B78DBB2FA7C9A4201D00E
:1018B000FFF738FE084B1B68FF225A62032001F035
:1018C00060FE7B69BB60BB6883F3108800BF00BF0C
:1018D0001837BD4680BD00BFF4020020140200206E
:1018E000A40200200028004000080058A5020020A3
:1018F00080B586B000AF03463960FB71FA793B4989
:1019000013465B001344DB000B440C331B78DBB243
:10191000022B03D1FB791846FFF766FFEFF3108324
:10192000FB60FB687B6172B600BF032001F037FEED
:101930002F4B1B68CA225A622D4B1B6853225A62D6
:10194000FA792A4913465B001344DB000B440C333D
:1019500002221A70FA79254913465B001344DB0012
:101960000B4408333A681A60FA79204913465B0041
:101970001344DB000B4404333A681A60FB791846C1
:10198000FFF70AFC03467B821A4B1B787B741A4BC9
:101990001B78DBB27A7C9A4202D0FFF7C3FD13E0DA
:1019A000FA79124913465B001344DB000B440833F9
:1019B00019687B8AFA79C91A0C4813465B001344EC
:1019C000DB00034408331960094B1B68FF225A628D
:1019D000032001F0D6FD7B69BB60BB6883F31088F0
:1019E00000BF00BF1837BD4680BD00BF14020020F5
:1019F000F4020020A4020020A502002080B584B0DB
:101A000000AFF8600B467A60FB727B68984700BFB6
:101A10001037BD4680BD000080B582B000AF786051
:101A20007B681B681A46094B9A4207D1084B1B6812
:101A3000002B05D0064B1B68984701E000BF00E073
:101A400000BF00BF0837BD4680BD00BF008000401A
:101A5000B402002080B483B000AF78604FF0B04390
:101A6000D3F8903023F018024FF0B0417B68134355
:101A7000C1F8903000BF0C37BD465DF8047B70475D
:101A800080B483B000AF78604FF0B043DA6C7B680D
:101A9000DB434FF0B0411340CB6400BF0C37BD4671
:101AA0005DF8047B704780B483B000AF78604FF07E
:101AB000B0431A6D7B6813407A689A4201D10123C2
:101AC00000E0002318460C37BD465DF8047B7047E4
:101AD00080B483B000AF78604FF0B0439A6D7B68FC
:101AE000DB434FF0B04113408B6500BF0C37BD4660
:101AF0005DF8047B704780B483B000AF78604FF02E
:101B0000B0431A6E7B68DB434FF0B04113400B6665
:101B100000BF0C37BD465DF8047B704780B500AF51
:101B20000120FFF7ADFF0220FFF7AAFF4FF480402E
:101B3000FFF7E1FF4FF48050FFF7DDFF4FF4001097
:101B4000FFF7C6FF4FF40050FFF79AFF4FF4807085
:101B5000FFF7A9FF00BF80BD80B500AF01F01AFB01
:101B6000FFF7C8F900F034F800F08EF800F0ACF898
:101B700000F00AF901F0AAFB01F0A2FB00F0B8F8AE
:101B8000114B1B68B3F57A6F11D972B600BF40BF15
:101B900020BF0020FFF720FAFFF7C0FF00F0CFF9C9
:101BA00002214FF4804002F037FA62B60AE0064B99
:101BB0001B680133044A1360034B1B681946034832
:101BC00007F0C2FEDCE700BFB005002034B8000813
:101BD00080B59AB000AF07F12003482200211846D3
:101BE00007F0FAFF3B1D00221A605A609A60DA6023
:101BF0001A615A619A6102F0FFF91020FFF72AFF7B
:101C0000204B1B6823F4C0631E4A43F40073136027
:101C10001C4B1B6803F4C0633B603B6807233B62BB
:101C20004FF480337B620123BB624FF48073FB620D
:101C300040233B630023FB6407F12003184602F0B6
:101C4000DDFD0346002B01D000F0A5F86F237B607B
:101C50000223BB600023FB6000233B6100237B6108
:101C60000023BB610023FB613B1D0121184603F0EB
:101C700039F90346002B01D000F08DF800BF68371A
:101C8000BD4680BD0004005880B594B000AF3B460F
:101C900050220021184607F09FFF4FF440533B604D
:101CA0004FF480437B640223BB640023FB643B4608
:101CB000184603F054FD0346002B01D000F06BF8EA
:101CC00000BF5037BD4680BD80B500AF064B074A08
:101CD0001A60054802F00AF90346002B01D000F013
:101CE0005AF800BF80BD00BFB8020020000C0058A9
:101CF00080B500AF224B234A1A60214B4FF4E132EA
:101D00005A601F4B00229A601D4B0022DA601C4B68
:101D100000221A611A4B0C225A61194B00229A6157
:101D2000174B00221A62164B00225A62144B0022F3
:101D30009A62134B00225A66114804F0BDFF034615
:101D4000002B01D000F027F800210D4806F0C5F85F
:101D50000346002B01D000F01EF80021084806F0D1
:101D6000FAF80346002B01D000F015F8044806F0FD
:101D70007BF80346002B01D000F00DF800BF80BDBA
:101D8000580400200080004080B400AF00BFBD4672
:101D90005DF8047B704780B400AF72B600BF00BF2F
:101DA000FDE7000080B483B000AF7860064B1B688D
:101DB00023F0070204497B6813430B6000BF0C3714
:101DC000BD465DF8047B70470004005880B400AF46
:101DD000074BD3F8883003F48063B3F5806F01D1EB
:101DE000012300E000231846BD465DF8047B7047E0
:101DF0000004005880B400AF074BD3F8883003F4D8
:101E00000043B3F5004F01D1012300E00023184641
:101E1000BD465DF8047B70470004005880B400AFF5
:101E20004FF0B0431B684FF0B04243F4807313602F
:101E300000BFBD465DF8047B704780B400AF4FF033
:101E4000B0431B6803F48063B3F5806F01D10123B5
:101E500000E000231846BD465DF8047B704780B45F
:101E600083B000AF78604FF0B0439B6823F003026B
:101E70004FF0B0417B6813438B6000BF0C37BD4609
:101E80005DF8047B704780B400AF4FF0B0439B68AF
:101E900003F00C031846BD465DF8047B704780B420
:101EA00083B000AF78604FF0B0435B6A23F0030269
:101EB0004FF0B0417B6813434B6200BF0C37BD4607
:101EC0005DF8047B7047000080B400AF054B1B69D0
:101ED000044A43F00403136100BFBD465DF8047B70
:101EE000704700BF00ED00E080B483B000AF7860C1
:101EF00039607B683A68203253F82230054A9342B1
:101F000001D0012300E0002318460C37BD465DF8E0
:101F1000047B70470004008080B485B000AFF86097
:101F2000B9607A607B6843F48061FB68BA6843F803
:101F3000221000BF1437BD465DF8047B704780B5A2
:101F400000AF01F0ADF900F009F80220FFF72AFF19
:101F5000FFF7BAFF30BF00BF80BD000080B500AF03
:101F600000BF03211948FFF7BFFF0346002BF8D13C
:101F700004211648FFF7B8FF0346002B17D1FFF7DF
:101F800039FF0346002B04D1FFF720FF0346002B47
:101F900015D0002204210D48FFF7BEFF00F01AF80B
:101FA0000B4B1B680A4A23F00703136007E000F09D
:101FB00011F8074B1B68064A23F007031360002241
:101FC00003210248FFF7A8FF00BF80BD001400589E
:101FD0000040005880B500AFFFF720FF00BFFFF7BB
:101FE0002CFF0346002BFAD00120FFF738FF00201A
:101FF000FFF755FF00BFFFF746FF0346042BFAD15A
:1020000000BF80BD80B485B000AF78604FF0B043B2
:10201000DA6C4FF0B0417B681343CB644FF0B043B0
:10202000DA6C7B681340FB60FB6800BF1437BD4669
:102030005DF8047B704780B485B000AF78604FF0E6
:10204000B0431A6D4FF0B0417B6813430B654FF0FE
:10205000B0431A6D7B681340FB60FB6800BF143708
:10206000BD465DF8047B704780B485B000AF7860F2
:102070004FF0B043DA6D4FF0B0417B681343CB654E
:102080004FF0B043DA6D7B681340FB60FB6800BF24
:102090001437BD465DF8047B704780B485B000AF4F
:1020A00078604FF0B0431A6E4FF0B0417B68134335
:1020B0000B664FF0B0431A6E7B681340FB60FB6801
:1020C00000BF1437BD465DF8047B704780B500AF94
:1020D0004FF40020FFF7AFFF002200212E2001F077
:1020E00036FA2E2001F04DFA00BF80BD80B582B0D7
:1020F00000AF78607B681B68054A934203D14FF4B8
:102100008010FFF798FF00BF0837BD4680BD00BFB5
:10211000000C005880B59CB000AF786007F15C03FC
:1021200000221A605A609A60DA601A6107F10C03A3
:1021300050220021184607F04FFD7B681B685C4A5F
:10214000934256D10123FB6000237B6207F10C030D
:10215000184603F004FB0346002B01D0FFF71BFEDB
:102160004FF48040FFF799FF0220FFF74BFFC02399
:10217000FB6502233B6601237B660323BB660723C3
:10218000FB6607F15C0319464A4801F0B9FC4A4B6B
:102190004A4A1A60484B0F225A60474B10229A60F5
:1021A000454B0022DA60444B80221A61424B0022E8
:1021B0005A61414B00229A613F4B0022DA613E4B4B
:1021C00000221A623C4801F021FA0346002B01D09C
:1021D000FFF7E1FD7B68384ADA67374A7B6893622C
:1021E00000220021242001F0B2F9242001F0C9F9D5
:1021F00059E07B681B68324A934254D10223FB604A
:102200000023BB6207F10C03184603F0A8FA03464B
:10221000002B01D0FFF7BFFD0120FFF725FF0420B1
:10222000FFF7F0FE0323FB6502233B6600237B667A
:102230000023BB660823FB6607F15C0319462148AF
:1022400001F05EFC204B214A1A601F4B11225A609C
:102250001D4B10229A601C4B0022DA601A4B802220
:102260001A61194B00225A61174B00229A61164BD2
:102270000022DA61144B00221A62134801F0C6F9F9
:102280000346002B01D0FFF786FD7B680E4ADA6714
:102290000D4A7B68936200220021252001F057F946
:1022A000252001F06EF900BF7037BD4680BD00BF2C
:1022B0000038014000040048F803002044040240B4
:1022C0000080004000080048EC0400204400024068
:1022D00080B400AF00BFFDE780B400AF00BFFDE7F2
:1022E00080B400AF00BFFDE780B400AF00BFFDE7E2
:1022F00080B400AF00BFFDE780B400AF00BFBD46B3
:102300005DF8047B704780B400AF00BFBD465DF848
:10231000047B704780B400AF00BFBD465DF8047B0E
:10232000704780B500AF00F08FFF00BF80BD000098
:1023300080B500AF024804F052FB00BF80BD00BF73
:102340001803002080B500AF024804F093FD00BFE1
:1023500080BD00BF6403002080B500AF01F0A2FD86
:1023600000BF80BD80B500AF024801F0B5FA00BFE4
:1023700080BD00BFF803002080B500AF00F0C6F9B3
:1023800000BF80BD80B500AF00F0F6F900BF80BD92
:1023900080B500AF4FF4805001F06CFD4FF4005059
:1023A00001F068FD00BF80BD80B500AFFFF754F9B4
:1023B00000BF80BD80B500AF00F0A2FE00BF80BDB1
:1023C00080B500AF022001F055FD00BF80BD80B593
:1023D00000AF042001F04EFD00BF80BD80B500AF0E
:1023E000082001F047FD00BF80BD80B500AF102080
:1023F00001F040FD00BF80BD80B500AF202001F09E
:1024000039FD00BF80BD80B400AF01231846BD4632
:102410005DF8047B704780B582B000AF78603960AA
:1024200007F052FC034616221A604FF0FF3318469D
:102430000837BD4680BD80B582B000AF78604FF0F0
:10244000FF317868FFF7E7FF00BFFDE780B586B092
:1024500000AFF860B9607A6000237B610AE0AFF3F7
:1024600000800146BB685A1CBA60CAB21A707B6908
:1024700001337B617A697B689A42F0DB7B6818469E
:102480001837BD4680BD80B483B000AF78604FF090
:10249000FF3318460C37BD465DF8047B704780B4A7
:1024A00083B000AF786039603B684FF400525A60E7
:1024B000002318460C37BD465DF8047B704780B496
:1024C00083B000AF7860012318460C37BD465DF835
:1024D000047B704780B485B000AFF860B9607A6063
:1024E000002318461437BD465DF8047B7047000092
:1024F00080B586B000AF7860144A154BD31A7B6163
:102500007B693B61134B1B68002B02D1114B124AB4
:102510001A60104B1A687B6813443A699A4207D2D2
:1025200007F0D2FB03460C221A604FF0FF3309E09C
:10253000084B1B68FB60074B1A687B681344054A0D
:102540001360FB6818461837BD4680BD00000320A5
:1025500000100000B40500200809002080B582B0FA
:1025600000AF9223FB7105F0DAFD0346FB71FB79A6
:10257000002B0FD0104805F0F6FD01464FF43E73D6
:102580000E4A0F4807F0E0F9FB7919460D4807F0AD
:10259000DBF90CE0084805F0E6FD01464FF43F7317
:1025A000064A074807F0D0F9074807F035FA00BF98
:1025B0000837BD4680BD00BF48B80008F0C8000815
:1025C000D4B800085CC0000894C0000880B582B090
:1025D00000AF9223FB71154BDB8A184605F048FDCE
:1025E0000346FB71FB79002B0FD0114805F0BBFDB2
:1025F00001464FF442730F4A0F4807F0A5F9FB79E3
:1026000019460E4807F0A0F90CE0094805F0ABFDAB
:1026100001464FF44373074A074807F095F9084805
:1026200007F0FAF900BF0837BD4680BDB8050020A5
:1026300048B800080CC90008D4B80008C0C0000899
:10264000F8C0000880B582B000AF7860012006F0C5
:102650003BFB00BF0837BD4680BD80B483B000AFF0
:10266000786039607B685A683B681B041A437B6852
:102670005A6000BF0C37BD465DF8047B704780B4DC
:1026800083B000AF786039607B683A689A6000BFB9
:102690000C37BD465DF8047B704780B483B000AF53
:1026A000786039603B681A047B689A6000BF0C3719
:1026B000BD465DF8047B704780B483B000AF78609E
:1026C00039607B68DA683B6813403A689A4201D106
:1026D000012300E0002318460C37BD465DF8047B5B
:1026E000704780B483B000AF786039607B68DA6986
:1026F0003B6813403A689A4201D1012300E000236D
:1027000018460C37BD465DF8047B704780B500AFB6
:1027100002211848FFF7E5FF0346002B08D0154BB0
:102720005B6803F00203002B02D100F07FF81EE08B
:1027300001211048FFF7D5FF0346002B08D00D4BB1
:102740005B6803F00103002B02D100F04BF80EE0B0
:1027500008210848FFF7C5FF0346002B08D0054BAA
:102760005B6803F00803002B02D100F07FF800BF84
:1027700000BF80BD000C005880B500AF0221184892
:10278000FFF79AFF0346002B08D1154B5B6803F453
:102790000033002B02D100F03DF81EE00821104864
:1027A000FFF78AFF0346002B08D10D4B5B6803F44B
:1027B0000023002B02D100F045F80EE0202108484C
:1027C000FFF77AFF0346002B08D1054B5B6803F443
:1027D0000013002B02D100F011F800BF00BF80BD34
:1027E000000C005880B500AF06F086F801210248C1
:1027F000FFF745FF00BF80BD000C005880B500AF5B
:1028000020210348FFF729FF06F0A6F800BF80BD8E
:10281000000C005880B500AF02210348FFF71DFFF0
:1028200006F0A4F800BF80BD000C005880B500AFD2
:1028300006F0B2F802210248FFF721FF00BF80BD79
:10284000000C005880B500AF08210648FFF705FFCF
:10285000054B1B68984708210248FFF71EFF00BF81
:1028600080BD00BF000C00583C06002080B500AFC2
:1028700006F0B4F808210248FFF701FF00BF80BD51
:10288000000C005880B582B000AF03463960FB7180
:10289000FB793968184600F0C3F800BF0837BD4619
:1028A00080BD80B582B000AF03460A46FB71134677
:1028B000BB71BA1DFB791146184600F085F800BFC0
:1028C0000837BD4680BD000080B582B000AF03462A
:1028D000FB80FB88023B0E2B30D801A252F823F07C
:1028E000252900083D2900081D2900083D29000868
:1028F0003D2900083D2900082D2900083D29000830
:102900003D2900083D2900083D2900083D2900080F
:102910003D2900083D29000835290008082000F05D
:1029200030FE0CE0072000F02CFE08E0092000F04B
:1029300028FE04E00A2000F024FE00E000BF00BFF3
:102940000837BD4680BD00BF80B582B000AF0346EA
:10295000FB80FB88023B0E2B30D801A252F823F0FB
:10296000A5290008BD2900089D290008BD290008E7
:10297000BD290008BD290008AD290008BD290008AF
:10298000BD290008BD290008BD290008BD2900088F
:10299000BD290008BD290008B5290008082000F05D
:1029A000FEFD0CE0072000F0FAFD08E0092000F031
:1029B000F6FD04E00A2000F0F2FD00E000BF00BFD9
:1029C0000837BD4680BD00BF80B584B000AF034668
:1029D0003960FB710023BB81FB7903F07F03FB713E
:1029E000FB793B733B681B787B7300224FF40041FB
:1029F0004FF0904001F00CFA07F10C010A2302227B
:102A0000064803F033F901224FF400414FF09040A3
:102A100001F0FEF900BF1037BD4680BD4C05002017
:102A200080B582B000AF03463960FB71FB7963F07B
:102A30007F03DBB2FB7100224FF400414FF0904066
:102A400001F0E6F9F91D0A2301220A4803F00EF904
:102A50000A2301223968074803F07EFA01224FF465
:102A600000414FF0904001F0D3F900BF0837BD4658
:102A700080BD00BF4C05002080B400AF00BF00BF88
:102A800000BF00BF00BF00BF00BF00BF00BF00BF4E
:102A900000BF00BF00BF00BF00BF00BF00BF00BF3E
:102AA00000BF00BF00BF00BF00BF00BF00BF00BF2E
:102AB00000BF00BF00BF00BF00BF00BF00BFBD46DA
:102AC0005DF8047B704780B582B000AF0346FB80A1
:102AD00001E0FFF7D1FFFB885A1EFA80002BF8D1E6
:102AE00000BF00BF0837BD4680BD80B582B000AFD3
:102AF0000346FB8003E04FF47A70FFF7E4FFFB88A6
:102B00005A1EFA80002BF6D100BF00BF0837BD4621
:102B100080BD80B582B000AF0023FB71FB1D19465C
:102B20002220FFF7AFFEFB7918460837BD4680BD6F
:102B300080B582B000AF0023FB71FB1D19460A204F
:102B4000FFF7A0FEFB7918460837BD4680BD80B56B
:102B500084B000AF0346FB710023FB730120FFF735
:102B6000C4FFFFF7E5FF03461A46FB79934206D000
:102B7000FB7B0133FB73FB7B3B2BEFD900E000BFFA
:102B8000FB7B18461037BD4680BD80B500AF0121E4
:102B90000120FFF786FE8120FFF7D9FF0346184684
:102BA00080BD80B500AF02210120FFF77AFE012031
:102BB000FFF79BFF02210120FFF773FE8220FFF742
:102BC000C6FF0346184680BD80B500AF0421012032
:102BD000FFF767FEA020FFF7BAFF0346184680BD47
:102BE00080B5C2B000AF07F58473A3F58273186097
:102BF00007F58473A3F58473196007F58473A3F54F
:102C0000847207F58473A3F5827307F108001268D4
:102C1000196807F086F807F58473A3F584731B68B9
:102C20009AB207F108010123034805F03FFC00BFF9
:102C300007F58477BD4680BD4006002080B400AF14
:102C4000084B00221A70084B00221A80074B002202
:102C50001A60074B00221A6000BFBD465DF8047B76
:102C6000704700BF60060020620600206406002056
:102C70006806002080B582B000AF5D4B1B78022B48
:102C800000F0AA80022B00F3A980002B02D0012BB8
:102C900027D0A3E0574B1B8801339AB2554B1A80BB
:102CA000554B1B685B00544A13604FF480415348F6
:102CB00001F096F80346002B05D04F4B1B6843F0FC
:102CC00001034D4A13604C4B1B689BB24AF6A92284
:102CD000934240F08580FFF7B1FF454B01221A7007
:102CE0007EE0454B1B685B08434A1360444B1B68FE
:102CF00003F00103002B05D03F4B1B6843F000435A
:102D00003D4A13603E4B1B685B083D4A13604FF41D
:102D100080413A4801F064F80346002B05D0384B57
:102D20001B6843F00043364A1360324B1B88013363
:102D30009AB2304B1A802F4B1B883F2B52D9314B04
:102D400000221A602C4B1B682F4A13602C4B1B6807
:102D50002E4A13600023FB8018E02A4B1B685B0897
:102D6000284A1360244B1B6803F00103002B05D095
:102D7000244B1B6843F00043224A13601E4B1B6820
:102D80009B081D4A1360FB880133FB80FB880F2BD7
:102D9000E3D90023BB8018E01A4B1B685B08194A73
:102DA0001360174B1B6803F00103002B05D0154B74
:102DB0001B6843F00043134A1360114B1B689B08C8
:102DC0000F4A1360BB880133BB80BB880F2BE3D94C
:102DD000074B02221A7005E000BF04E000BF02E0CA
:102DE00000BF00E000BF00BF0837BD4680BD00BF88
:102DF000600600206206002064060020000C0048E7
:102E000068060020740600206C0600207006002072
:102E100080B500AF744B1B78002B30D1734B1A6810
:102E2000734B1B681340002B06D001224FF48041E6
:102E3000704800F0EDFF05E000224FF480416D483E
:102E400000F0E6FF694B1B685B00684A13606A4B41
:102E50001B8801339AB2684B1A80674B1B881F2B63
:102E600040F2BF80644B00221A80614B634A1A60B3
:102E70005E4B01221A605C4B01221A70B1E05A4B82
:102E80001B78012B31D1594B1A68594B1B681340E1
:102E9000002B06D001224FF48041564800F0B8FFC5
:102EA00005E000224FF48041524800F0B1FF4F4B43
:102EB0001B685B004D4A13604F4B1B8801339AB26D
:102EC0004D4B1A804C4B1B881F2B40F28A804A4B7B
:102ED00000221A804A4B1B68454A1360434B01226B
:102EE0001A60414B02221A707BE03F4B1B78022B89
:102EF0003DD1414B1B8803F00103002B19D13B4B03
:102F00001A683B4B1B681340002B06D001224FF47C
:102F10008041384800F07CFF05E000224FF48041FA
:102F2000344800F075FF314B1B685B002F4A13607B
:102F300004E04FF480412F4800F082FF2E4B1B88A5
:102F400001339AB22C4B1A802B4B1B883F2B48D94C
:102F5000294B00221A80264B00221A60234B0122A3
:102F60001A60214B03221A70FFF71BFE39E01E4B3B
:102F70001B78032B2FD100224FF480411D4800F015
:102F800047FF1D4B1B8801339AB21B4B1A801A4B0B
:102F90001B88202B25D11B4B1B88002B15D0194BD0
:102FA0001B88013B9AB2174B1A80134B00221A80E0
:102FB0000F4B4FF055321A600C4B01221A600A4B2E
:102FC00000221A70FFF700FE0BE0074B04221A7074
:102FD000FFF7DBFD05E0044B1B78042B01D100F06B
:102FE00073F800BF80BD00BF780600207C0600207B
:102FF00080060020000C00487A06002055555595A3
:10300000840600208806002080B500AF1020FFF75E
:103010005BFC0220FFF758FC00BF80BD80B500AF0D
:103020001020FFF791FC0420FFF74EFCFFF706FE8F
:1030300000BF80BD80B594B000AFFFF71BFE104B02
:103040001B78022B18D11020FFF77EFC3B1D4C2271
:103050000021184606F0C0FD03233B81094B1B6885
:103060007B60FFF756FD03463B733B1D4C21184622
:10307000FFF7B6FDFFF7E2FD00BF5037BD4680BD4C
:10308000600600207406002080B582B000AF0346C1
:10309000FB80FB88102B02D1FFF7CCFF0FE0FB88F1
:1030A000042B02D1FFF7B0FF09E0FB88022B02D10D
:1030B000FFF7B4FF03E0FB88082B00D100BF00BF7F
:1030C0000837BD4680BD000080B500AF024803F060
:1030D00057FC00BF80BD00BF1803002080B582B040
:1030E00000AF78607B681B68044A934201D1FFF708
:1030F0008FFE00BF0837BD4680BD00BF00440140C1
:1031000080B400AF074B1B686FF001021A61064BD9
:103110001B680133044A136000BFBD465DF8047BA1
:10312000704700BF8C060020D806002080B400AF96
:10313000074B00229A60064BD3F88830044A43F4C8
:103140007003C2F8883000BFBD465DF8047B70474D
:1031500000ED00E080B400AF054B5B68044A23F04B
:103160000103536000BFBD465DF8047B704700BF9C
:10317000002004E080B400AF054B5B68044A23F0F4
:103180000203536000BFBD465DF8047B704700BF7B
:10319000002004E080B582B000AF0023FB710C4B2F
:1031A0001B680B4A43F480731360032000F0C4F9DA
:1031B000002000F00FF80346002B02D00123FB7122
:1031C00001E0FEF783FFFB7918460837BD4680BD56
:1031D0000040005880B584B000AF78600023FB73D6
:1031E000174B1B78002B24D002F028F80246144B12
:1031F0001B7819464FF47A73B3FBF1F3B2FBF3F388
:10320000184600F0DAF90346002B0FD17B680F2B2C
:1032100009D8002279684FF0FF3000F098F9094A88
:103220007B68136007E00123FB7304E00123FB7359
:1032300001E00123FB73FB7B18461037BD4680BDC0
:10324000100000200C00002080B400AF064B1B785B
:103250001A46064B1B681344044A136000BFBD4660
:103260005DF8047B704700BF10000020DC060020E2
:1032700080B400AF034B1B681846BD465DF8047B65
:10328000704700BFDC06002080B400AF034B1B6812
:103290001846BD465DF8047B704700BF0C00002057
:1032A00080B400AF054B1B68044A23F0020313608F
:1032B00000BFBD465DF8047B704700BF10E000E032
:1032C00080B500AFFFF746FF00BF80BD80B500AFFF
:1032D000FFF750FF00BF80BD80B485B000AF7860BD
:1032E0007B6803F00703FB600C4BDB68BB60BA68CC
:1032F0004FF6FF031340BB60FB681A02BB68134321
:1033000043F0BF6343F40033BB60044ABB68D3603F
:1033100000BF1437BD465DF8047B704700ED00E048
:1033200080B400AF044BDB681B0A03F007031846A8
:10333000BD465DF8047B704700ED00E080B483B0CB
:1033400000AF0346FB7197F90730002B0BDBFB79CD
:1033500003F01F02074997F907305B09012000FAC3
:1033600002F241F8232000BF0C37BD465DF8047B14
:10337000704700BF00E100E080B483B000AF0346B7
:10338000FB7197F90730002B12DBFB7903F01F026A
:103390000A4997F907305B09012000FA02F220334D
:1033A00041F82320BFF34F8F00BFBFF36F8F00BFE3
:1033B00000BF0C37BD465DF8047B704700E100E0BC
:1033C00080B483B000AF0346FB7197F90730002B40
:1033D0000CDBFB7903F01F02074997F907305B0903
:1033E000012000FA02F2403341F8232000BF0C37DD
:1033F000BD465DF8047B704700E100E080B483B017
:1034000000AF0346FB7197F90730002B0CDBFB790B
:1034100003F01F02074997F907305B09012000FA02
:1034200002F2603341F8232000BF0C37BD465DF83F
:10343000047B704700E100E080B483B000AF034636
:103440003960FB7197F90730002B0ADB3B68DAB271
:103450000C4997F907301201D2B20B4483F80023CC
:103460000AE03B68DAB20849FB7903F00F03043B3A
:103470001201D2B20B441A7600BF0C37BD465DF87C
:10348000047B704700E100E000ED00E080B489B00B
:1034900000AFF860B9607A60FB6803F00703FB6176
:1034A000FB69C3F10703042B28BF0423BB61FB693D
:1034B0000433062B02D9FB69033B00E000237B6148
:1034C0004FF0FF32BB6902FA03F3DA43BB681A40DC
:1034D0007B699A404FF0FF317B6901FA03F3D943CE
:1034E0007B680B40134318462437BD465DF8047BC8
:1034F0007047000080B582B000AF78607B68013B08
:10350000B3F1807F01D301230FE00A4A7B68013BBE
:1035100053600F214FF0FF30FFF78EFF054B002265
:103520009A60044B07221A60002318460837BD46EC
:1035300080BD00BF10E000E080B582B000AF7860D1
:103540007868FFF7C9FE00BF0837BD4680BD80B56B
:1035500086B000AF0346B9607A60FB73FFF7E0FE08
:1035600078617A68B9687869FFF790FF024697F941
:103570000F3011461846FFF75FFF00BF1837BD46F2
:1035800080BD80B582B000AF0346FB7197F907306C
:103590001846FFF7D3FE00BF0837BD4680BD80B593
:1035A00082B000AF0346FB7197F907301846FFF76A
:1035B000E3FE00BF0837BD4680BD80B582B000AFD6
:1035C00078607868FFF796FF034618460837BD46CF
:1035D00080BD80B582B000AF0346FB7197F907301C
:1035E0001846FFF7EDFE00BF0837BD4680BD80B529
:1035F00082B000AF0346FB7197F907301846FFF71A
:10360000FDFE00BF0837BD4680BD000080B584B018
:1036100000AF78607B68002B01D101238EE07B68CE
:103620001B681A46474B9A420FD87B681B681A469C
:10363000454B1344454AA2FB03231B099A007B68B0
:103640005A647B68424A1A640EE07B681B681A461B
:10365000404B13443D4AA2FB03231B099A007B689D
:103660005A647B683C4A1A647B68022283F82520EE
:103670007B681B681B68FB60FB6823F4FF4323F037
:103680007003FB607B689A687B68DB681A437B6821
:103690001B691A437B685B691A437B689B691A4301
:1036A0007B68DB691A437B681B6A1343FA68134320
:1036B000FB607B681B68FA681A60786800F0BCF9E8
:1036C0007B689B68B3F5804F02D17B6800225A600B
:1036D0007B685A687B689B6C02F03F021A607B68CB
:1036E000DB6C7A68126D5A607B685B68002B10D0C7
:1036F0007B685B68042B0CD8786800F0DBF97B688A
:103700005B6D00221A607B689B6D7A68D26D5A608F
:1037100008E07B6800225A657B6800229A657B6816
:103720000022DA657B680022DA637B68012283F875
:1037300025207B68002283F82420002318461037B8
:10374000BD4680BD07040240F8FFFDBFCDCCCCCC08
:1037500000000240F8FBFDBF0004024080B483B0CB
:1037600000AF78607B68002B01D101234FE07B68BC
:1037700093F82530DBB2022B08D07B680422DA6391
:103780007B68002283F82420012340E07B681B68CB
:103790001A687B681B6822F00E021A607B689B6CBB
:1037A0001A687B689B6C22F480721A607B681B68C5
:1037B0001A687B681B6822F001021A607B685B6CE8
:1037C00003F01C027B681B6C012101FA02F25A60B3
:1037D0007B68DB6C7A68126D5A607B685B6D002BCE
:1037E0000CD07B685B6D1A687B685B6D22F480721D
:1037F0001A607B689B6D7A68D26D5A607B68012283
:1038000083F825207B68002283F8242000231846B3
:103810000C37BD465DF8047B704780B584B000AFBF
:1038200078600023FB737B6893F82530DBB2022BB2
:1038300005D07B680422DA630123FB7347E07B68D1
:103840001B681A687B681B6822F00E021A607B688E
:103850001B681A687B681B6822F001021A607B688B
:103860009B6C1A687B689B6C22F480721A607B6880
:103870005B6C03F01C027B681B6C012101FA02F2F5
:103880005A607B68DB6C7A68126D5A607B685B6D8E
:10389000002B0CD07B685B6D1A687B685B6D22F433
:1038A00080721A607B689B6D7A68D26D5A607B6803
:1038B000012283F825207B68002283F824207B687E
:1038C0009B6B002B03D07B689B6B78689847FB7BD6
:1038D00018461037BD4680BD80B584B000AF786013
:1038E0007B681B6C1B68FB607B681B681B68BB608C
:1038F0007B685B6C03F01C0304229A40FB68134056
:10390000002B26D0BB6803F00403002B21D07B687A
:103910001B681B6803F02003002B07D17B681B6822
:103920001A687B681B6822F004021A607B685B6C73
:1039300003F01C027B681B6C042101FA02F25A603E
:103940007B681B6B002B71D07B681B6B786898477A
:103950006CE07B685B6C03F01C0302229A40FB68FE
:103960001340002B2ED0BB6803F00203002B29D09C
:103970007B681B681B6803F02003002B0BD17B685E
:103980001B681A687B681B6822F00A021A607B6851
:10399000012283F825207B685B6C03F01C027B68A6
:1039A0001B6C022101FA02F25A607B68002283F844
:1039B00024207B68DB6A002B38D07B68DB6A786860
:1039C000984733E07B685B6C03F01C0308229A4045
:1039D000FB681340002B2AD0BB6803F00803002BC0
:1039E00025D07B681B681A687B681B6822F00E0272
:1039F0001A607B685B6C03F01C027B681B6C012106
:103A000001FA02F25A607B680122DA637B680122C4
:103A100083F825207B68002283F824207B685B6B79
:103A2000002B04D07B685B6B7868984700BF00BFB1
:103A30001037BD4680BD000080B485B000AF78600F
:103A40007B681B681A46174B9A420AD87B685B6CE6
:103A50009B089B0003F1804303F502337A6893646B
:103A600007E07B685B6C9B089A000F4B13447A68F5
:103A700093647B681B68DBB2083B0C4AA2FB032300
:103A80001B09FB607B680A4ADA64FB6803F01F03CA
:103A900001229A407B681A6500BF1437BD465DF865
:103AA000047B7047070402401C080240CDCCCCCCFC
:103AB0008008024080B485B000AF78607B685B68A6
:103AC00003F03F03FB60FA680B4B13449B001A465C
:103AD0007B685A657B68094A9A65FB68013B03F07D
:103AE000030301229A407B68DA6500BF1437BD46A4
:103AF0005DF8047B704700BF3F8200104009024020
:103B000080B487B000AF7860396000237B614CE1FE
:103B10003B681A6801217B6901FA03F31340FB60DB
:103B2000FB68002B00F03E813B685B6803F00303F9
:103B3000012B05D03B685B6803F00303022B30D1F7
:103B40007B689B683B617B695B00032202FA03F39D
:103B5000DB433A6913403B613B68DA687B695B0091
:103B600002FA03F33A6913433B617B683A699A604E
:103B70007B685B683B6101227B6902FA03F3DB43EC
:103B80003A6913403B613B685B681B0903F0010223
:103B90007B6902FA03F33A6913433B617B683A6934
:103BA0005A603B685B6803F00303032B17D07B6804
:103BB000DB683B617B695B00032202FA03F3DB43B2
:103BC0003A6913403B613B689A687B695B0002FA83
:103BD00003F33A6913433B617B683A69DA603B68F7
:103BE0005B6803F00303022B23D17B69DA087B684F
:103BF000083253F822303B617B6903F007039B00D6
:103C00000F2202FA03F3DB433A6913403B613B683E
:103C10001A697B6903F007039B0002FA03F33A6910
:103C200013433B617B69DA087B680832396943F8E2
:103C300022107B681B683B617B695B00032202FAF0
:103C400003F3DB433A6913403B613B685B6803F075
:103C500003027B695B0002FA03F33A6913433B6199
:103C60007B683A691A603B685B6803F44033002B59
:103C700000F09880544A7B699B08023352F8233045
:103C80003B617B6903F003039B000F2202FA03F3FD
:103C9000DB433A6913403B617B68B3F1904F19D025
:103CA0007B684A4A934213D07B68494A93420DD0BD
:103CB0007B68484A934207D07B68474A934201D1C8
:103CC000042308E0072306E0032304E0022302E0C4
:103CD000012300E000237A6902F00302920093407E
:103CE0003A6913433B6138497B699B0802333A695F
:103CF00041F82320394B1B683B61FB68DB433A6981
:103D000013403B613B685B6803F48013002B03D0D6
:103D10003A69FB6813433B61304A3B6913602F4BA0
:103D20005B683B61FB68DB433A6913403B613B687E
:103D30005B6803F40013002B03D03A69FB6813435C
:103D40003B61264A3B695360244BD3F880303B618A
:103D5000FB68DB433A6913403B613B685B6803F4F3
:103D60008033002B03D03A69FB6813433B611B4A45
:103D70003B69C2F88030194BD3F884303B61FB6853
:103D8000DB433A6913403B613B685B6803F40033F3
:103D9000002B03D03A69FB6813433B610F4A3B6930
:103DA000C2F884307B6901337B613B681A687B69A8
:103DB00022FA03F3002B7FF4ABAE00BF00BF1C3729
:103DC000BD465DF8047B70470000014000040048D8
:103DD00000080048000C0048001000480008005887
:103DE00080B485B000AF78600B467B807B681A6931
:103DF0007B881340002B02D00123FB7301E00023DA
:103E0000FB73FB7B18461437BD465DF8047B704797
:103E100080B483B000AF78600B467B8013467B7024
:103E20007B78002B03D07A887B689A6102E07A88DD
:103E30007B689A6200BF0C37BD465DF8047B704713
:103E400080B485B000AF78600B467B807B685B698F
:103E5000FB607A88FB6813401A04FB68D9437B88AF
:103E60000B401A437B689A6100BF1437BD465DF86A
:103E7000047B704780B582B000AF0346FB80084BDF
:103E8000DA68FB881340002B06D0054AFB88D36014
:103E9000FB881846FDF76CF800BF0837BD4680BDAB
:103EA0000008005880B582B000AF0A4BDB687B6029
:103EB000084B1A687B68DB43064913400B60054AD0
:103EC0007B685360786800F007F800BF0837BD468C
:103ED00080BD00BF0015005880B483B000AF78608B
:103EE00000BF0C37BD465DF8047B704780B584B0D9
:103EF00000AF78600023FB737B68002B1ED0134B50
:103F0000BB607B6893F83830DBB2002B02D1786855
:103F1000FEF7ECF8B86800F05BF8BB681B6843F08C
:103F20000112BB681A60786800F02CF87B680022E8
:103F30005A637B68012283F8382001E00123FB7378
:103F4000FB7B18461037BD4680BD00BF000C0058F3
:103F500080B485B000AFF860B9601346FB7100BF54
:103F60001437BD465DF8047B704780B485B000AF60
:103F7000F860B9601346FB7100BF1437BD465DF8A9
:103F8000047B704780B485B000AF78600023FB608D
:103F90000FE07A68FB689B0013440B4A5A607A680A
:103FA000FB6806339B001344084A5A60FB680133E0
:103FB000FB60FB68052BECD900BF00BF1437BD4682
:103FC0005DF8047B704700BF513F00086B3F00085D
:103FD00080B483B000AF78607B6800221A607B6891
:103FE0004FF03F125A607B683F229A6000BF0C3747
:103FF000BD465DF8047B704780B400AF054B1B687D
:10400000044A43F48073136000BFBD465DF8047B2F
:10401000704700BF0004005880B582B000AF7860E0
:104020000B46FB707B68B3F5804F04D1FB781846D4
:1040300000F042F803E0FB78184600F013F800BFE8
:104040000837BD4680BD000080B400AF044B1B683C
:1040500003F4C0631846BD465DF8047B704700BF9B
:104060000004005880B483B000AF0346FB71104BCE
:104070001B680F4A23F0070313600E4B1B690D4AA0
:1040800043F004031361FB79012B01D130BF02E03F
:1040900040BF20BF20BF074B1B69064A23F0040323
:1040A000136100BF0C37BD465DF8047B704700BF4D
:1040B0000004005800ED00E080B483B000AF034678
:1040C000FB71114B1B6823F007030F4A43F00103F8
:1040D00013600E4B1B690D4A43F004031361FB7917
:1040E000012B01D130BF02E040BF20BF20BF074BF2
:1040F0001B69064A23F00403136100BF0C37BD4659
:104100005DF8047B704700BF0004005800ED00E03C
:1041100080B400AF4FF0B0431B6803F48013B3F5D5
:10412000801F01D1012300E000231846BD465DF841
:10413000047B704780B400AF4FF0B0431B684FF072
:10414000B04243F48033136000BFBD465DF8047B8A
:10415000704780B400AF4FF0B0431B684FF0B042DF
:1041600023F48033136000BFBD465DF8047B7047C5
:1041700080B400AF4FF0B0431B6803F40033B3F5D5
:10418000003F01D1012300E000231846BD465DF841
:10419000047B704780B400AF4FF0B0431B684FF012
:1041A000B04243F48073136000BFBD465DF8047BEA
:1041B000704780B400AF4FF0B0431B684FF0B0427F
:1041C00023F48073136000BFBD465DF8047B704725
:1041D00080B400AF4FF0B0431B6803F48063B3F5C5
:1041E000806F01D1012300E000231846BD465DF831
:1041F000047B704780B483B000AF78604FF0B04369
:104200005B6823F0FE427B681B064FF0B04113430E
:104210004B6000BF0C37BD465DF8047B704780B42F
:1042200000AF4FF0B043D3F898304FF0B04243F0B6
:104230000103C2F8983000BFBD465DF8047B7047AB
:1042400080B400AF4FF0B043D3F898304FF0B04295
:1042500023F00103C2F8983000BFBD465DF8047B2F
:10426000704780B400AF4FF0B043D3F8983003F0FC
:104270000203022B01D1012300E000231846BD46B2
:104280005DF8047B704780B400AF4FF0B043D3F8C3
:1042900090304FF0B04243F00103C2F8903000BFBD
:1042A000BD465DF8047B704780B400AF4FF0B0436B
:1042B000D3F890304FF0B04223F00103C2F89030B1
:1042C00000BFBD465DF8047B704780B400AF4FF07F
:1042D000B043D3F890304FF0B04243F00403C2F83B
:1042E000903000BFBD465DF8047B704780B400AFDE
:1042F0004FF0B043D3F890304FF0B04223F00403B6
:10430000C2F8903000BFBD465DF8047B704780B4B2
:1043100000AF4FF0B043D3F8903003F00203022B0C
:1043200001D1012300E000231846BD465DF8047B5F
:10433000704780B400AF4FF0B043D3F894304FF0E3
:10434000B04243F00103C2F8943000BFBD465DF8AF
:10435000047B704780B400AF4FF0B043D3F8943083
:104360004FF0B04223F00103C2F8943000BFBD46C5
:104370005DF8047B704780B400AF4FF0B043D3F8D2
:10438000943003F00203022B01D1012300E000234B
:104390001846BD465DF8047B704780B400AF4FF00F
:1043A000B043D3F894304FF0B04243F00403C2F866
:1043B000943000BFBD465DF8047B704780B400AF09
:1043C0004FF0B043D3F894304FF0B04223F00403E1
:1043D000C2F8943000BFBD465DF8047B704780B4DE
:1043E00000AF4FF0B043D3F8943003F00803082B2C
:1043F00001D1012300E000231846BD465DF8047B8F
:10440000704780B483B000AF78604FF0B043D3F80A
:10441000943023F470627B681B024FF0B041134369
:10442000C1F8943000BF0C37BD465DF8047B70477F
:1044300080B400AF4FF0B0431B684FF0B04243F080
:104440000103136000BFBD465DF8047B704780B474
:1044500000AF4FF0B0431B684FF0B04223F00103B0
:10446000136000BFBD465DF8047B704780B400AFA9
:104470004FF0B0431B6803F00203022B01D101236C
:1044800000E000231846BD465DF8047B704780B409
:1044900083B000AF78604FF0B0431B6823F0F002A8
:1044A0004FF0B0417B6813430B6000BF0C37BD4633
:1044B0005DF8047B704780B483B000AF4FF0B04329
:1044C0001B6803F0F0037B607B68B02B01D9B0233D
:1044D0007B607B6818460C37BD465DF8047B7047EF
:1044E00080B483B000AF78604FF0B0435B6823F4D2
:1044F0007F427B681B024FF0B04113434B6000BF0B
:104500000C37BD465DF8047B704780B483B000AFC4
:1045100078604FF0B0439B6823F003024FF0B04146
:104520007B6813438B6000BF0C37BD465DF8047B8E
:10453000704780B400AF4FF0B0439B6803F00C03AA
:104540001846BD465DF8047B704780B483B000AF69
:1045500078604FF0B0439B6823F0F0024FF0B04119
:104560007B6813438B6000BF0C37BD465DF8047B4E
:10457000704780B483B000AF78604FF0B043D3F899
:10458000083123F0F0024FF0B0417B681343C1F8CB
:10459000083100BF0C37BD465DF8047B704780B41E
:1045A00083B000AF78604FF0B043D3F8083123F008
:1045B0000F027B681B094FF0B0411343C1F808316B
:1045C00000BF0C37BD465DF8047B704780B483B0F4
:1045D00000AF78604FF0B0439B6823F4E0624FF087
:1045E000B0417B6813438B6000BF0C37BD465DF85C
:1045F000047B704780B483B000AF78604FF0B04365
:104600009B6823F460524FF0B0417B6813438B608A
:1046100000BF0C37BD465DF8047B704780B400AF27
:104620004FF0B0439B6803F0F0031846BD465DF8B9
:10463000047B704780B400AF4FF0B043D3F808312B
:104640001B0103F0F0031846BD465DF8047B70477C
:1046500080B400AF4FF0B0439B6803F4E0631846AA
:10466000BD465DF8047B704780B400AF4FF0B043A7
:104670009B6803F460531846BD465DF8047B7047A1
:1046800080B400AF4FF0B0431B684FF0B04243F02E
:104690008073136000BFBD465DF8047B704780B433
:1046A00000AF4FF0B0431B684FF0B04223F080736F
:1046B000136000BFBD465DF8047B704780B400AF57
:1046C0004FF0B0431B6803F00073B3F1007F01D1DA
:1046D000012300E000231846BD465DF8047B7047C7
:1046E00080B400AF4FF0B043DB681B0A03F07F03D8
:1046F0001846BD465DF8047B704780B400AF4FF0AC
:10470000B043DB6803F060431846BD465DF8047BA8
:10471000704780B400AF4FF0B043DB6803F0700324
:104720001846BD465DF8047B704780B400AF4FF07B
:10473000B043DB6803F003031846BD465DF8047B15
:10474000704780B400AF4FF0B0439B6803F48033F0
:10475000B3F5803F01D1012300E000231846BD4698
:104760005DF8047B704780B400AF4FF0B043D3F8DE
:10477000083103F40033B3F5003F01D1012300E019
:1047800000231846BD465DF8047B704780B400AF37
:104790004FF0B043D3F8083103F48033B3F5803FD2
:1047A00001D1012300E000231846BD465DF8047BDB
:1047B000704780B400AF4FF0B0439B6803F4003300
:1047C000B3F5003F01D1012300E000231846BD46A8
:1047D0005DF8047B704780B400AF4FF0B0439B6836
:1047E00003F48023B3F5802F01D1012300E00023DF
:1047F0001846BD465DF8047B7047000090B58DB04B
:1048000000AF78607B68002B01D1012363E37B68F4
:104810001B6803F02003002B00F08D80FFF789FE5A
:10482000F862FFF782FFB862FB6A002B05D0FB6AD3
:104830000C2B47D1BB6A012B44D17B68DB69002B71
:1048400001D1012347E37B685C6AFFF734FE03462E
:104850009C4214D97B685B6A184600F02FFD034622
:10486000002B01D0012336E37B685B6A1846FFF713
:104870000EFE7B681B6A1846FFF732FE13E07B686A
:104880005B6A1846FFF703FE7B681B6A1846FFF752
:1048900027FE7B685B6A184600F010FD0346002B7C
:1048A00001D0012317E300F0C9FC0346A44A1360BA
:1048B000A44B1B681846FEF78DFC0346002B39D02D
:1048C000012308E37B68DB69002B1ED0FFF7B0FDF6
:1048D000FEF7CEFC786208E0FEF7CAFC02467B6A6F
:1048E000D31A022B01D90323F5E2FFF7BFFD0346DC
:1048F000002BF1D07B685B6A1846FFF7C8FD7B6828
:104900001B6A1846FFF7ECFD15E0FFF7A0FDFEF768
:10491000AFFC786208E0FEF7ABFC02467B6AD31A74
:10492000022B01D90323D6E2FFF7A0FD0346002B9B
:10493000F1D100E000BF7B681B6803F00103002B8E
:1049400047D0FFF7F6FD3862FFF7EFFEF8613B6AEC
:10495000082B05D03B6A0C2B08D1FB69032B05D132
:104960007B685B68002B34D10123B4E27B685B6811
:10497000B3F5803F02D1FFF7DDFB01E0FFF7E9FB74
:104980007B685B68002B12D0FEF772FC786208E04F
:10499000FEF76EFC02467B6AD31A642B01D903230F
:1049A00099E2FFF7E5FB0346002BF1D011E0FEF79B
:1049B0005FFC786208E0FEF75BFC02467B6AD31A74
:1049C000642B01D9032386E2FFF7D2FB0346002BB9
:1049D000F1D17B681B6803F00203002B4CD0FFF77A
:1049E000A8FDB861FFF7A1FE7861BB69042B05D073
:1049F000BB690C2B0ED17B69022B0BD17B68DB686A
:104A0000002B01D1012366E27B681B691846FFF782
:104A1000F1FB31E07B68DB68002B19D0FFF7BAFBB4
:104A2000FEF726FC786208E0FEF722FC02467B6A6D
:104A3000D31A022B01D903234DE2FFF7C9FB03462A
:104A4000002BF1D07B681B691846FFF7D3FB13E0FE
:104A5000FFF7AFFBFEF70CFC786208E0FEF708FCFE
:104A600002467B6AD31A022B01D9032333E2FFF7F4
:104A7000AFFB0346002BF1D17B681B6803F00803F2
:104A8000002B06D17B681B6803F01003002B00F09D
:104A9000A3807B685B69002B76D07B681B6803F082
:104AA0001003002B46D0FFF766FC0346002B13D102
:104AB000FFF73FFCFEF7DCFB786208E0FEF7D8FB6F
:104AC00002467B6AD31A022B01D9032303E2FFF7C4
:104AD00052FC0346002BF1D0FFF75FFCFEF7C8FB4A
:104AE000786208E0FEF7C4FB02467B6AD31A032B08
:104AF00001D90323EFE1FFF772FC0346002BF1D04D
:104B00007B689B691846FFF77CFCFFF723FCFEF7E8
:104B1000AFFB786208E0FEF7ABFB02467B6AD31A74
:104B2000022B01D90323D6E1FFF725FC0346002B16
:104B3000F1D151E0FFF7FDFBFEF79AFB78620CE044
:104B4000080000200C000020FEF792FB02467B6A62
:104B5000D31A022B01D90323BDE1FFF70CFC034656
:104B6000002BF1D0FFF72AFC08E0FEF781FB02469C
:104B70007B6AD31A032B01D90323ACE1FFF72FFC87
:104B80000346002BF1D127E0FFF718FCFEF770FB7E
:104B9000786208E0FEF76CFB02467B6AD31A032BAF
:104BA00001D9032397E1FFF71AFC0346002BF1D14B
:104BB000FFF7D0FBFEF75CFB786208E0FEF758FBDE
:104BC00002467B6AD31A022B01D9032383E1FFF744
:104BD000D2FB0346002BF1D17B681B6803F0040372
:104BE000002B5BD0A74B1B6803F48073002B14D100
:104BF000FFF702FAFEF73CFB786208E0FEF738FBAD
:104C000002467B6AD31A022B01D9032363E19D4B31
:104C10001B6803F48073002BF0D07B689B68012B2A
:104C200002D1FFF730FB0CE07B689B68052B04D1B9
:104C3000FFF74BFBFFF727FB03E0FFF735FBFFF721
:104C400055FB7B689B68002B14D0FEF711FB786244
:104C50000AE0FEF70DFB02467B6AD31A41F2883266
:104C6000934201D9032336E1FFF751FB0346002BA2
:104C7000EFD013E0FEF7FCFA78620AE0FEF7F8FAEC
:104C800002467B6AD31A41F28832934201D9032348
:104C900021E1FFF73CFB0346002BEFD17B681B684B
:104CA00003F04003002B2CD07B689B6A002B14D0B0
:104CB000FFF7B5FAFEF7DCFA786208E0FEF7D8FAFB
:104CC00002467B6AD31A022B01D9032303E1FFF7C3
:104CD000C8FA0346002BF1D013E0FFF7B1FAFEF754
:104CE000C7FA786208E0FEF7C3FA02467B6AD31A75
:104CF000022B01D90323EEE0FFF7B3FA0346002BA2
:104D0000F1D17B68DB6A002B00F0E480FFF711FC37
:104D100038614FF0B043DB68FB607B68DB6A022BD5
:104D200040F0B480FB6803F003027B681B6B9A427F
:104D300023D1FB6803F070027B685B6B9A421CD145
:104D4000FB681B0A03F07F027B689B6B9A4214D1BD
:104D5000FB6803F478127B68DB6B9A420DD1FB6829
:104D600003F060627B681B6C9A4206D1FB6803F01B
:104D700060427B685B6C9A425DD03B690C2B58D0DB
:104D80004FF0B0431B6803F08063002B01D0012378
:104D9000A1E0FFF784FCFEF76BFA786208E0FEF70B
:104DA00067FA02467B6AD31A022B01D9032392E0E9
:104DB0004FF0B0431B6803F00073002BEFD14FF0AE
:104DC000B043DA68304B13407A68116B7A68526BE3
:104DD00011437A68926B120211437A68D26B1143C5
:104DE0007A68126C11437A68526C0A434FF0B041F2
:104DF0001343CB60FFF744FC4FF0B043DB684FF048
:104E0000B04243F08053D360FEF732FA786208E094
:104E1000FEF72EFA02467B6AD31A022B01D903232E
:104E200059E04FF0B0431B6803F00073002BEFD044
:104E300050E001234FE04FF0B0431B6803F00073D4
:104E4000002B47D1FFF71CFC4FF0B043DB684FF05D
:104E5000B04243F08053D360FEF70AFA786208E06C
:104E6000FEF706FA02467B6AD31A022B01D9032306
:104E700031E04FF0B0431B6803F00073002BEFD01C
:104E800028E000BF000400588C80C1113B690C2B46
:104E90001ED0FFF704FCFEF7EBF9786208E0FEF79E
:104EA000E7F902467B6AD31A022B01D9032312E0E9
:104EB0004FF0B0431B6803F00073002BEFD14FF0AD
:104EC000B043DA684FF0B041054B1340CB6001E0CE
:104ED000012300E0002318463437BD4690BD00BFD3
:104EE000FCFFFEEE80B584B000AF786039607B686F
:104EF000002B01D101232DE1984B1B6803F0070320
:104F00003A689A421BD9954B1B6823F007029349D4
:104F10003B6813430B60FEF7ABF9F86008E0FEF75F
:104F2000A7F90246FB68D31A022B01D9032311E12A
:104F30008A4B1B6803F007033A689A42EFD17B68FB
:104F40001B6803F00203002B16D07B689B68184691
:104F5000FFF7FBFAFEF78CF9F86008E0FEF788F936
:104F60000246FB68D31A022B01D90323F2E0FFF7B4
:104F7000E8FB0346002BF1D07B681B6803F020039D
:104F8000002B16D07B685B691846FFF7F2FAFEF734
:104F90006FF9F86008E0FEF76BF90246FB68D31A78
:104FA000022B01D90323D5E0FFF7DDFB0346002BDD
:104FB000F1D07B681B6803F04003002B16D07B68A0
:104FC0009B691846FFF7EBFAFEF752F9F86008E024
:104FD000FEF74EF90246FB68D31A022B01D90323D0
:104FE000B8E0FFF7D3FB0346002BF1D07B681B68CA
:104FF00003F00403002B16D07B68DB681846FFF72C
:10500000E5FAFEF735F9F86008E0FEF731F90246F7
:10501000FB68D31A022B01D903239BE0FFF7C9FBDE
:105020000346002BF1D07B681B6803F00803002BBC
:1050300017D07B681B69DB001846FFF7DBFAFEF729
:1050400017F9F86008E0FEF713F90246FB68D31A77
:10505000022B01D903237DE0FFF7BDFB0346002BA4
:10506000F1D07B681B6803F00103002B43D07B6801
:105070005B68022B06D1FFF77BF80346002B1ED19D
:10508000012367E07B685B68032B06D1FFF716FB03
:105090000346002B13D101235CE07B685B68002B87
:1050A00006D1FFF7E3F90346002B08D1012351E0B5
:1050B000FFF78EF80346002B01D101234AE07B68FD
:1050C0005B681846FFF721FAFEF7D2F8F8600AE0AD
:1050D000FEF7CEF80246FB68D31A41F288329342BB
:1050E00001D9032336E0FFF724FA02467B685B68A8
:1050F0009B009A42ECD1194B1B6803F007033A68F6
:105100009A421BD2154B1B6823F0070213493B68D8
:1051100013430B60FEF7ACF8F86008E0FEF7A8F860
:105120000246FB68D31A022B01D9032312E00B4B72
:105130001B6803F007033A689A42EFD100F07EF84B
:105140000346074A1360FEF79FF803461846FEF72A
:1051500041F8034618461037BD4680BD0040005850
:105160000800002090B585B000AFFFF7E2F9786045
:105170007B68002B0AD1FFF79EF903461B0903F059
:105180000F032B4A52F82330FB604BE07B68042B63
:1051900002D1284BFB6045E07B68082B0AD1FEF763
:1051A000B7FF0346012B02D1224BFB603AE0224BB2
:1051B000FB6037E0FFF7B9FA38603B68022B03D099
:1051C0003B68032B03D00DE01A4BBB6015E0FEF7E4
:1051D0009FFF0346012B02D1164BBB600DE0164B1F
:1051E000BB600AE0FFF767F903461B0903F00F03F2
:1051F0000F4A52F82330BB6000BFFFF771FA024636
:10520000BB6803FB02F4FFF784FA03461B09013372
:10521000B4FBF3F4FFF771FA03465B0F0133B4FB01
:10522000F3F3FB60FB6818461437BD4690BD00BF22
:1052300088C900080024F4000048E80198B500AFD0
:10524000FFF790FF0446FFF7E9F903461B0903F057
:105250000F03034A52F82330B4FBF3F3184698BD0A
:1052600028C9000898B500AFFFF7E8FF0446FFF72C
:10527000EFF903461B0A03F00703044A52F82330F0
:1052800003F01F0324FA03F3184698BD68C9000809
:1052900098B500AFFFF7D2FF0446FFF7E5F90346E4
:1052A000DB0A03F00703044A52F8233003F01F031C
:1052B00024FA03F3184698BD68C9000890B585B074
:1052C00000AF78607B68B02B03D9154BDB6AFB60BD
:1052D00007E07B681B0903F00F03114A52F82330E3
:1052E000FB60FFF7A7F903461B0903F00F030D4A04
:1052F00052F82330FA68B2FBF3F3BB60BB680A4A8A
:10530000A2FB03239C0CFEF79FFE03461946204692
:1053100000F00CF8034618461437BD4690BD00BF98
:1053200088C9000828C9000883DE1B4390B593B0E4
:1053300000AF78603960374B07F128040FCB84E861
:105340000F00354A07F11C0307CA83E80700334BF7
:1053500007F10C040FCB84E80F0000237B643B684B
:10536000B3F5007F1AD100233B6413E03B6C9B0034
:1053700048333B4453F8203C7A689A4207D83B6C48
:105380009B0048333B4453F83C3C7B6420E03B6C3F
:1053900001333B643B6C032BE8D919E00023FB632A
:1053A00013E0FB6B9B0048333B4453F82C3C7A687A
:1053B0009A4207D8FB6B9B0048333B4453F83C3C74
:1053C0007B6405E0FB6B0133FB63FB6B022BE8D9CD
:1053D000134B1B6823F0070211497B6C13430B60CE
:1053E000FDF746FFB86308E0FDF742FF0246BB6BDE
:1053F000D31A022B01D9032307E0094B1B6803F0E2
:1054000007037A6C9A42EFD1002318464C37BD4609
:1054100090BD00BFC4C80008D4C80008E0C8000898
:105420000040005880B400AF4FF0B043D3F8903044
:1054300003F00103012B01D1012300E000231846F2
:10544000BD465DF8047B704780B400AF4FF0B043B9
:10545000D3F8903003F00203022B01D1012300E0C6
:1054600000231846BD465DF8047B704780B483B0C6
:1054700000AF78604FF0B043D3F8943023F440424B
:105480004FF0B0417B681343C1F8943000BF0C3734
:10549000BD465DF8047B704780B483B000AF786090
:1054A0004FF0B0435B6A23F003024FF0B0417B68DA
:1054B00013434B6200BF0C37BD465DF8047B704759
:1054C00080B483B000AF78604FF0B0435B6A23F0E4
:1054D00030024FF0B0417B6813434B6200BF0C3782
:1054E000BD465DF8047B704780B483B000AF786040
:1054F0004FF0B043D3F8883023F003024FF0B041AF
:105500007B681343C1F8883000BF0C37BD465DF897
:10551000047B704780B483B000AF78604FF0B04335
:10552000D3F8883023F440624FF0B0417B681343D6
:10553000C1F8883000BF0C37BD465DF8047B70476A
:1055400080B483B000AF78604FF0B043D3F88820C8
:105550007B681B0903F47F23DB431A407B681B0134
:1055600003F47F234FF0B0411343C1F8883000BFEC
:105570000C37BD465DF8047B704780B483B000AF44
:1055800078604FF0B043D3F888207B681B0C1B0475
:10559000DB431A407B681B044FF0B0411343C1F852
:1055A000883000BF0C37BD465DF8047B704780B47F
:1055B00083B000AF78604FF0B043D3F8883023F465
:1055C00040024FF0B0417B681343C1F8883000BF00
:1055D0000C37BD465DF8047B704780B483B000AFE4
:1055E00078604FF0B043D3F8883023F040424FF05A
:1055F000B0417B681343C1F8883000BF0C37BD460B
:105600005DF8047B704780B483B000AF78604FF0E2
:10561000B043D3F8883023F040624FF0B0417B684C
:105620001343C1F8883000BF0C37BD465DF8047BDA
:10563000704780B582B000AF78607868FFF7E3FF0D
:1056400000BF0837BD4680BD80B483B000AF78602E
:105650004FF0B043D3F8883023F040524FF0B041C0
:105660007B681343C1F8883000BF0C37BD465DF836
:10567000047B704780B483B000AF78604FF0B043D4
:10568000D3F8903023F440724FF0B0417B6813435D
:10569000C1F8903000BF0C37BD465DF8047B704701
:1056A00080B400AF4FF0B043D3F8903003F44073B0
:1056B0001846BD465DF8047B704780B400AF4FF0DC
:1056C000B043D3F890304FF0B04243F48033C2F887
:1056D000903000BFBD465DF8047B704780B400AFDA
:1056E0004FF0B043D3F890304FF0B04223F4803302
:1056F000C2F8903000BFBD465DF8047B704780B4AF
:1057000000AF4FF0B0431B684FF0B04243F08063EE
:10571000136000BFBD465DF8047B704780B400AFE6
:105720004FF0B0431B684FF0B04223F0806313602A
:1057300000BFBD465DF8047B704780B400AF4FF0FA
:10574000B0431B6803F00063B3F1006F01D1012384
:1057500000E000231846BD465DF8047B704780B525
:1057600088B000AF78600023FB770023BB777B68AD
:105770001B6803F04003002B34D07B681B6BB3F530
:10578000400F21D0B3F5400F1BD8B3F5000F1DD04B
:10579000B3F5000F15D8002B0BD0B3F5800F10D147
:1057A0004FF0B043DB684FF0B04243F48033D36036
:1057B0000DE07B680433184600F047F90346FB7799
:1057C00005E00123FB7702E000BF00E000BFFB7FA4
:1057D000002B05D17B681B6B1846FFF7E8FE01E044
:1057E000FB7FBB777B681B6803F40063002B46D00C
:1057F000FFF756FFB8617B681B6CBA699A423CD0D0
:10580000FEF7FAFBBB69002B05D17B681B6C1846C1
:10581000FFF730FF2EE04FF0B043D3F890307B61BC
:10582000FFF74BFFFFF75AFF7B6923F440727B6859
:105830001B6C13437B614FF0B0427B69C2F8903020
:10584000FFF7F0FD0346012B14D1FDF711FD386180
:105850000BE0FDF70DFD02463B69D31A41F2883299
:10586000934202D90323FB7704E0FFF7EDFD0346E3
:10587000012BEED1FB7FBB7701E0FB7FBB777B6821
:105880001B6803F00103002B04D07B689B6918465A
:10589000FFF72AFE7B681B6803F00203002B04D08D
:1058A0007B68DB691846FFF735FE7B681B6803F0F1
:1058B0001003002B04D07B689B6A1846FFF75DFE3F
:1058C0007B681B6803F02003002B04D07B68DB6A35
:1058D0001846FFF752FE7B681B6803F00403002B99
:1058E00004D07B681B6A1846FFF72AFE7B681B689A
:1058F00003F00803002B04D07B685B6A1846FFF7AF
:105900001FFE7B681B6803F48073002B22D07B682A
:105910005B6B1846FFF78DFE7B685B6BB3F1006F26
:1059200007D14FF0B043DB684FF0B04243F08073D3
:10593000D3607B685B6BB3F1806F0BD17B68043302
:10594000184600F0DDF80346FB77FB7F002B01D003
:10595000FB7FBB777B681B6803F40073002B2BD0A5
:105960007B689B6BB3F1804F08D07B689B6BB3F176
:10597000004F03D07B689B6B002B05D17B689B6B32
:105980001846FFF72AFE0AE07B689B6B23F08053E2
:10599000FB600020FFF721FEF868FFF734FE7B680C
:1059A0009B6BB3F1C05F07D14FF0B043DB684FF0A2
:1059B000B04243F08073D3607B681B6803F480635C
:1059C000002B22D07B68DB6B1846FFF73DFE7B681F
:1059D000DB6BB3F1005F07D14FF0B043DB684FF0F2
:1059E000B04243F48033D3607B68DB6BB3F1805FFC
:1059F0000BD17B680433184600F0DDF80346FB77D3
:105A0000FB7F002B01D0FB7FBB777B681B6803F417
:105A10008053002B04D07B685B6C1846FFF726FD93
:105A20007B681B6803F40053002B09D07B68DB6C98
:105A30001846FFF745FD7B689B6C1846FFF72CFD69
:105A4000BB7F18462037BD4680BD80B584B000AF0F
:105A500078600023FB73FFF761FEFDF709FCB86077
:105A600009E0FDF705FC0246BB68D31A022B02D9F8
:105A70000323FB7304E0FFF760FE0346002BF0D125
:105A8000FB7B002B37D14FF0B0431B6923F4FE4260
:105A90007B681B681B024FF0B04113430B614FF052
:105AA000B0431B6923F478127B685B684FF0B04108
:105AB00013430B61FFF723FEFDF7DAFBB86009E043
:105AC000FDF7D6FB0246BB68D31A022B02D903238B
:105AD000FB7304E0FFF731FE0346012BF0D1FB7BA3
:105AE000002B08D14FF0B0431A697B681B694FF057
:105AF000B04113430B61FB7B18461037BD4680BD98
:105B000080B584B000AF78600023FB73FFF706FE1A
:105B1000FDF7AEFBB86009E0FDF7AAFB0246BB68E3
:105B2000D31A022B02D90323FB7304E0FFF705FE0F
:105B30000346002BF0D1FB7B002B37D14FF0B04355
:105B40001B6923F4FE427B681B681B024FF0B041C7
:105B500013430B614FF0B0431B6923F060627B6815
:105B60009B684FF0B04113430B61FFF7C8FDFDF791
:105B70007FFBB86009E0FDF77BFB0246BB68D31AE8
:105B8000022B02D90323FB7304E0FFF7D6FD034683
:105B9000012BF0D1FB7B002B08D14FF0B0431A69E9
:105BA0007B681B694FF0B04113430B61FB7B1846C8
:105BB0001037BD4680BD80B584B000AF786000234B
:105BC000FB73FFF7ABFDFDF753FBB86009E0FDF792
:105BD0004FFB0246BB68D31A022B02D90323FB7387
:105BE00004E0FFF7AAFD0346002BF0D1FB7B002B5E
:105BF00037D14FF0B0431B6923F4FE427B681B682A
:105C00001B024FF0B04113430B614FF0B0431B69CF
:105C100023F060427B68DB684FF0B04113430B61B7
:105C2000FFF76DFDFDF724FBB86009E0FDF720FBF1
:105C30000246BB68D31A022B02D90323FB7304E08C
:105C4000FFF77BFD0346012BF0D1FB7B002B08D136
:105C50004FF0B0431A697B681B694FF0B0411343A2
:105C60000B61FB7B18461037BD4680BD80B588B000
:105C700000AFF860B9603B601346FB80FDF7F8FAAF
:105C8000F861FB887B83FB6893F85D30DBB2012B06
:105C900001D002235CE1BB68002B02D0FB88002B03
:105CA00001D1012354E1FB6893F85C30012B01D151
:105CB00002234DE1FB68012283F85C20FB6803228C
:105CC00083F85D20FB6800221A66FB68BA689A6355
:105CD000FB68FA889A87FB68FA88DA87FB680022F3
:105CE0001A64FB680022A3F84420FB680022A3F892
:105CF0004620FB6800221A65FB680022DA64FB6814
:105D00009B68B3F5004F0FD1FB681B681A68FB68EE
:105D10001B6822F040021A60FB681B681A68FB6867
:105D20001B6842F480421A60FB681B681B6803F022
:105D30004003402B07D0FB681B681A68FB681B6890
:105D400042F040021A60FB68DB68B3F5E06F52D99D
:105D5000FB685B68002B02D07B8B012B45D1FB6875
:105D60009B6B1A88FB681B68DA60FB689B6B9A1C4C
:105D7000FB689A63FB68DB8F9BB2013B9AB2FB68BE
:105D8000DA8732E0FB681B689B6803F00203022B92
:105D900012D1FB689B6B1A88FB681B68DA60FB6892
:105DA0009B6B9A1CFB689A63FB68DB8F9BB2013B81
:105DB0009AB2FB68DA8718E0FDF75AFA0246FB69E7
:105DC000D31A3A689A4203D83B68B3F1FF3F02D135
:105DD0003B68002B09D1FB68012283F85D20FB683A
:105DE000002283F85C200323B2E0FB68DB8F9BB2C8
:105DF000002BC7D183E0FB685B68002B02D07B8B54
:105E0000012B77D1FB68DB8F9BB2012B12D9FB688A
:105E10009B6B1A88FB681B68DA60FB689B6B9A1C9B
:105E2000FB689A63FB68DB8F9BB2023B9AB2FB680C
:105E3000DA875FE0FB689A6BFB681B680C331278AB
:105E40001A70FB689B6B5A1CFB689A63FB68DB8FBC
:105E50009BB2013B9AB2FB68DA874BE0FB681B6898
:105E60009B6803F00203022B2BD1FB68DB8F9BB2F4
:105E7000012B12D9FB689B6B1A88FB681B68DA60E0
:105E8000FB689B6B9A1CFB689A63FB68DB8F9BB279
:105E9000023B9AB2FB68DA872CE0FB689A6BFB68DE
:105EA0001B680C3312781A70FB689B6B5A1CFB68DA
:105EB0009A63FB68DB8F9BB2013B9AB2FB68DA877F
:105EC00018E0FDF7D5F90246FB69D31A3A689A4201
:105ED00003D83B68B3F1FF3F02D13B68002B09D1E7
:105EE000FB68012283F85D20FB68002283F85C20B8
:105EF00003232DE0FB68DB8F9BB2002BAED1FA6948
:105F00003968F86800F0F6FC0346002B02D0FB6805
:105F100020221A66FB689B68002B0AD100237B6154
:105F2000FB681B68DB687B61FB681B689B687B61A7
:105F30007B69FB68012283F85D20FB68002283F8FF
:105F40005C20FB681B6E002B01D0012300E00023C6
:105F500018462037BD4680BD80B588B002AFF860D6
:105F6000B9603B601346FB80FB6893F85D30DBB2A1
:105F7000012B01D0022323E1BB68002B02D0FB8858
:105F8000002B01D101231BE1FB685B68B3F5827F25
:105F900012D1FB689B68002B0ED1FB68042283F8AA
:105FA0005D20FA883B6800931346BA68B968F868C0
:105FB00000F00AF9034603E1FDF75AF97861FB683E
:105FC00093F85C30012B01D10223F9E0FB68012238
:105FD00083F85C20FB68042283F85D20FB680022C4
:105FE0001A66FB68BA681A64FB68FA88A3F844204A
:105FF000FB68FA88A3F84620FB6800229A63FB68D6
:1060000000229A87FB680022DA87FB680022DA64A4
:10601000FB6800221A65FB68DB68B3F5E06F08D9FE
:10602000FB681B685A68FB681B6822F480525A6040
:1060300007E0FB681B685A68FB681B6842F48052E3
:106040005A60FB689B68B3F5004F0FD1FB681B6873
:106050001A68FB681B6822F040021A60FB681B6824
:106060001A68FB681B6822F480421A60FB681B6890
:106070001B6803F04003402B07D0FB681B681A68BD
:10608000FB681B6842F040021A60FB68DB68B3F5EE
:10609000E06F75D837E0FB681B689B6803F001036D
:1060A000012B17D1FB681B6803F10C02FB681B6C0A
:1060B0001278D2B21A70FB681B6C5A1CFB681A6407
:1060C000FB68B3F846309BB2013B9AB2FB68A3F879
:1060D000462018E0FDF7CCF802467B69D31A3A68EF
:1060E0009A4203D83B68B3F1FF3F02D13B68002BD3
:1060F00009D1FB68012283F85D20FB68002283F848
:106100005C2003235CE0FB68B3F846309BB2002BB5
:10611000C1D13BE0FB681B689B6803F00103012BC6
:1061200015D1FB681B68DA68FB681B6C92B21A8099
:10613000FB681B6C9A1CFB681A64FB68B3F846305A
:106140009BB2013B9AB2FB68A3F8462018E0FDF72A
:106150008FF802467B69D31A3A689A4203D83B68A3
:10616000B3F1FF3F02D13B68002B09D1FB6801224C
:1061700083F85D20FB68002283F85C2003231FE086
:10618000FB68B3F846309BB2002BC3D17A693968FB
:10619000F86800F057FB0346002B02D0FB68202272
:1061A0001A66FB68012283F85D20FB68002283F8F1
:1061B0005C20FB681B6E002B01D0012300E0002354
:1061C00018461837BD4680BD80B58AB000AFF8606C
:1061D000B9607A607B8001237B62FDF749F8386201
:1061E000FB6893F85D30FB77FB685B68BB617B887D
:1061F000FB827B88BB82FB7F012B0CD0BB69B3F594
:10620000827F06D1FB689B68002B02D1FB7F042BA9
:1062100001D00223F3E1BB68002B05D07B68002B83
:1062200002D07B88002B01D10123E8E1FB6893F8C1
:106230005C30012B01D10223E1E1FB68012283F8EC
:106240005C20FB6893F85D30DBB2042B03D0FB6865
:10625000052283F85D20FB6800221A66FB687A68D5
:106260001A64FB687A88A3F84620FB687A88A3F84A
:106270004420FB68BA689A63FB687A88DA87FB680F
:106280007A889A87FB680022DA64FB6800221A6524
:10629000FB68DB68B3F5E06F02D8BB8A012B08D935
:1062A000FB681B685A68FB681B6822F480525A60BE
:1062B00007E0FB681B685A68FB681B6842F4805261
:1062C0005A60FB681B681B6803F04003402B07D033
:1062D000FB681B681A68FB681B6842F040021A6082
:1062E000FB68DB68B3F5E06F40F28380FB685B68B6
:1062F000002B02D0FB8A012B6FD1FB689B6B1A88A5
:10630000FB681B68DA60FB689B6B9A1CFB689A63EE
:10631000FB68DB8F9BB2013B9AB2FB68DA875CE0DB
:10632000FB681B689B6803F00203022B1BD1FB6810
:10633000DB8F9BB2002B16D07B6A012B13D1FB683D
:106340009B6B1A88FB681B68DA60FB689B6B9A1C66
:10635000FB689A63FB68DB8F9BB2013B9AB2FB68D8
:10636000DA8700237B62FB681B689B6803F00103EC
:10637000012B1CD1FB68B3F846309BB2002B16D022
:10638000FB681B68DA68FB681B6C92B21A80FB68BA
:106390001B6C9A1CFB681A64FB68B3F846309BB20E
:1063A000013B9AB2FB68A3F8462001237B62FCF70D
:1063B0005FFF02463B6AD31A3A6B9A420DD83B6B99
:1063C000B3F1FF3F09D0FB68012283F85D20FB6831
:1063D000002283F85C20032311E1FB68DB8F9BB272
:1063E000002B9DD1FB68B3F846309BB2002B97D1B0
:1063F000E5E0FB685B68002B03D0FB8A012B40F0D3
:10640000D180FB68DB8F9BB2012B12D9FB689B6BA1
:106410001A88FB681B68DA60FB689B6B9A1CFB6838
:106420009A63FB68DB8F9BB2023B9AB2FB68DA8708
:10643000B8E0FB689A6BFB681B680C3312781A7023
:10644000FB689B6B5A1CFB689A63FB68DB8F9BB2F3
:10645000013B9AB2FB68DA87A4E0FB681B689B6883
:1064600003F00203022B34D1FB68DB8F9BB2002BBD
:106470002FD07B6A012B2CD1FB68DB8F9BB2012BC9
:1064800012D9FB689B6B1A88FB681B68DA60FB6893
:106490009B6B9A1CFB689A63FB68DB8F9BB2023B89
:1064A0009AB2FB68DA8712E0FB689A6BFB681B689C
:1064B0000C3312781A70FB689B6B5A1CFB689A634A
:1064C000FB68DB8F9BB2013B9AB2FB68DA87002343
:1064D0007B62FB681B689B6803F00103012B48D1BA
:1064E000FB68B3F846309BB2002B42D0FB68B3F890
:1064F00046309BB2012B23D9FB681B68DA68FB6826
:106500001B6C92B21A80FB681B6C9A1CFB681A64A5
:10651000FB68B3F846309BB2023B9AB2FB68A3F823
:106520004620FB68B3F846309BB2012B1FD8FB68AE
:106530001B685A68FB681B6842F480525A6016E078
:10654000FB681B6803F10C02FB681B6C1278D2B26B
:106550001A70FB681B6C5A1CFB681A64FB68B3F862
:1065600046309BB2013B9AB2FB68A3F84620012358
:106570007B62FCF77DFE02463B6AD31A3A6B9A4275
:1065800003D83B6BB3F1FF3F02D13B6B002B09D12A
:10659000FB68012283F85D20FB68002283F85C2001
:1065A00003232CE0FB68DB8F9BB2002B7FF455AFFD
:1065B000FB68B3F846309BB2002B7FF44EAF3A6ACB
:1065C000396BF86800F096F90346002B08D0FB6899
:1065D00020221A66FB68002283F85C2001230EE06B
:1065E000FB68012283F85D20FB68002283F85C20B1
:1065F000FB681B6E002B01D0012300E0002318462E
:106600002837BD4680BD000080B588B000AFF86077
:10661000B9603B601346FB71FCF72AFE0246BB6A79
:106620009B1A3A681344FB61FCF722FEB861394BB0
:106630001B685B011B0DFA6902FB03F37B6154E0ED
:106640003B68B3F1FF3F50D0FCF712FE0246BB6936
:10665000D31AFA699A4202D9FB69002B3DD1FB6833
:106660001B685A68FB681B6822F0E0025A60FB68EE
:106670005B68B3F5827F11D1FB689B68B3F5004F6F
:1066800004D0FB689B68B3F5806F07D1FB681B687B
:106690001A68FB681B6822F040021A60FB689B6A5C
:1066A000B3F5005F0FD1FB681B681A68FB681B68B5
:1066B00022F400521A60FB681B681A68FB681B68AA
:1066C00042F400521A60FB68012283F85D20FB68E7
:1066D000002283F85C20032317E07B69002B01D1A3
:1066E0000023FB617B69013B7B61FB681B689A6847
:1066F000BB681340BA689A420CBF01230023DBB287
:106700001A46FB799A429BD1002318462037BD4692
:1067100080BD00BF0800002080B58AB000AFF860DF
:10672000B9607A603B600023FB75FCF7A1FD02466F
:106730003B6B9B1A3A6813447B62FCF799FD386205
:10674000FB681B680C33FB613D4B1A6813469B00CA
:106750001344DA00D31A1B0D7A6A02FB03F3BB6100
:1067600060E0BB68B3F5C06F07D17B68002B04D134
:10677000FB691B78DBB2FB75FB7D3B68B3F1FF3F28
:1067800050D0FCF775FD02463B6AD31A7A6A9A42EA
:1067900002D97B6A002B3DD1FB681B685A68FB68F5
:1067A0001B6822F0E0025A60FB685B68B3F5827FE9
:1067B00011D1FB689B68B3F5004F04D0FB689B6860
:1067C000B3F5806F07D1FB681B681A68FB681B680C
:1067D00022F040021A60FB689B6AB3F5005F0FD19C
:1067E000FB681B681A68FB681B6822F400521A6079
:1067F000FB681B681A68FB681B6842F400521A6049
:10680000FB68012283F85D20FB68002283F85C208E
:10681000032310E0BB69002B01D100237B62BB691D
:10682000013BBB61FB681B689A68BB6813407A68D0
:106830009A4296D1002318462837BD4680BD00BF36
:106840000800002080B586B002AFF860B9607A60B9
:10685000FB685B68B3F5827F11D1FB689B68B3F579
:10686000004F04D0FB689B68B3F5806F07D1FB68CD
:106870001B681A68FB681B6822F040021A607B687C
:106880000093BB6800228021F868FFF7BDFE034635
:10689000002B07D0FB681B6E43F02002FB681A66D2
:1068A000032323E0FB685B68B3F5827F1DD1FB689F
:1068B0009B68B3F5004F04D0FB689B68B3F5806F0D
:1068C00013D17B680093BB6800224FF4C061F86865
:1068D000FFF722FF0346002B07D0FB681B6E43F037
:1068E0002002FB681A66032300E0002318461037D5
:1068F000BD4680BD80B586B002AFF860B9607A60F1
:106900007B680093BB6800224FF4C051F868FFF722
:1069100003FF0346002B07D0FB681B6E43F02002E9
:10692000FB681A66032327E07B680093BB6800229C
:106930008021F868FFF768FE0346002B07D0FB684C
:106940001B6E43F02002FB681A66032314E07B6889
:106950000093BB6800224FF4C061F868FFF7DCFECB
:106960000346002B07D0FB681B6E43F02002FB6838
:106970001A66032300E0002318461037BD4680BD89
:1069800080B483B000AF78607B681B68DA687B688E
:106990001B6822F00102DA607B681B681A6A41F208
:1069A00011131340002B0FD17B681B681A6A40F249
:1069B00044431340002B07D17B681B681A687B682F
:1069C0001B6822F001021A607B68012283F83D20D7
:1069D000002318460C37BD465DF8047B704780B530
:1069E00084B000AF78607B681B68DB68FB607B6805
:1069F0001B681B69BB60BB6803F00203002B20D03F
:106A0000FB6803F00203002B1BD07B681B686FF050
:106A100002021A617B6801221A777B681B689B69F6
:106A200003F00303002B03D0786800F0E9F805E0D9
:106A3000786800F0DBF8786800F0ECF87B680022FA
:106A40001A77BB6803F00403002B20D0FB6803F027
:106A50000403002B1BD07B681B686FF004021A61D3
:106A60007B6802221A777B681B689B6903F440737A
:106A7000002B03D0786800F0C3F805E0786800F0D8
:106A8000B5F8786800F0C6F87B6800221A77BB6812
:106A900003F00803002B20D0FB6803F00803002B51
:106AA0001BD07B681B686FF008021A617B680422A8
:106AB0001A777B681B68DB6903F00303002B03D0A4
:106AC000786800F09DF805E0786800F08FF8786845
:106AD00000F0A0F87B6800221A77BB6803F010036F
:106AE000002B20D0FB6803F01003002B1BD07B6829
:106AF0001B686FF010021A617B6808221A777B68A6
:106B00001B68DB6903F44073002B03D0786800F046
:106B100077F805E0786800F069F8786800F07AF8AE
:106B20007B6800221A77BB6803F00103002B0CD0AE
:106B3000FB6803F00103002B07D07B681B686FF034
:106B400001021A617868FCF7C9FABB6803F0800398
:106B5000002B04D1BB6803F40053002B0CD0FB685E
:106B600003F08003002B07D07B681B686FF4025290
:106B70001A61786800F06CF8BB6803F48073002B2E
:106B80000CD0FB6803F08003002B07D07B681B68E8
:106B90006FF480721A61786800F064F8BB6803F0E3
:106BA0004003002B0CD0FB6803F04003002B07D000
:106BB0007B681B686FF040021A61786800F034F857
:106BC000BB6803F02003002B0CD0FB6803F020030C
:106BD000002B07D07B681B686FF020021A61786871
:106BE00000F02CF800BF1037BD4680BD80B483B0E4
:106BF00000AF786000BF0C37BD465DF8047B70477E
:106C000080B483B000AF786000BF0C37BD465DF83C
:106C1000047B704780B483B000AF786000BF0C374E
:106C2000BD465DF8047B704780B483B000AF7860E8
:106C300000BF0C37BD465DF8047B704780B483B05D
:106C400000AF786000BF0C37BD465DF8047B70472D
:106C500080B483B000AF786000BF0C37BD465DF8EC
:106C6000047B704780B483B000AF786000BF0C37FE
:106C7000BD465DF8047B704780B483B000AF786098
:106C80004FF0B043D3F888207B68134018460C3788
:106C9000BD465DF8047B704780B483B000AF786078
:106CA0004FF0B043D3F888207B68134018460C3768
:106CB000BD465DF8047B704780B582B000AF786058
:106CC0007B68002B01D1012342E07B68D3F8883038
:106CD000002B06D17B68002283F884207868FBF7BC
:106CE00019FA7B682422C3F888207B681B681A681D
:106CF0007B681B6822F001021A607B689B6A002B8C
:106D000002D0786800F036FE786800F00BFC03468D
:106D1000012B01D101231BE07B681B685A687B684B
:106D20001B6822F490425A607B681B689A687B68F3
:106D30001B6822F02A029A607B681B681A687B68CD
:106D40001B6842F001021A60786800F0B5FE034645
:106D500018460837BD4680BD80B58AB002AFF860DE
:106D6000B9603B601346FB80FB68D3F88830202B6A
:106D70007BD1BB68002B02D0FB88002B01D1012303
:106D800074E0FB680022C3F89020FB682122C3F85E
:106D90008820FCF76DFA7861FB68FA88A3F8542024
:106DA000FB68FA88A3F85620FB689B68B3F5805F00
:106DB00008D1FB681B69002B04D10023FB61BB6871
:106DC000BB6103E0BB68FB610023BB6130E03B6853
:106DD00000937B6900228021F86800F017FF0346CA
:106DE000002B05D0FB682022C3F8882003233DE058
:106DF000FB69002B0BD1BB691B881A46FB681B681B
:106E0000C2F308029A62BB690233BB6107E0FB6907
:106E10001A78FB681B689A62FB690133FB61FB68A7
:106E2000B3F856309BB2013B9AB2FB68A3F85620E8
:106E3000FB68B3F856309BB2002BC8D13B68009377
:106E40007B6900224021F86800F0E0FE0346002B39
:106E500005D0FB682022C3F88820032306E0FB68E6
:106E60002022C3F88820002300E0022318462037A0
:106E7000BD4680BD80B5BAB000AF78607B681B6846
:106E8000DB69C7F8E4307B681B681B68C7F8E03033
:106E90007B681B689B68C7F8DC30D7F8E42040F6B5
:106EA0000F031340C7F8D830D7F8D830002B1BD1C8
:106EB000D7F8E43003F02003002B15D0D7F8E030EA
:106EC00003F02003002B05D1D7F8DC3003F080530A
:106ED000002B09D07B685B6F002B00F000837B6880
:106EE0005B6F78689847FAE2D7F8D830002B00F04B
:106EF0002381D7F8DC208D4B1340002B06D1D7F827
:106F0000E0208B4B1340002B00F01681D7F8E430C3
:106F100003F00103002B11D0D7F8E03003F48073A5
:106F2000002B0BD07B681B6801221A627B68D3F8A8
:106F3000903043F001027B68C3F89020D7F8E4302A
:106F400003F00203002B11D0D7F8DC3003F001036B
:106F5000002B0BD07B681B6802221A627B68D3F877
:106F6000903043F004027B68C3F89020D7F8E430F7
:106F700003F00403002B11D0D7F8DC3003F0010339
:106F8000002B0BD07B681B6804221A627B68D3F845
:106F9000903043F002027B68C3F89020D7F8E430C9
:106FA00003F00803002B17D0D7F8E03003F02003DC
:106FB000002B05D1D7F8DC205C4B1340002B0BD005
:106FC0007B681B6808221A627B68D3F8903043F014
:106FD00008027B68C3F89020D7F8E43003F400631C
:106FE000002B12D0D7F8E03003F08063002B0CD0D8
:106FF0007B681B684FF400621A627B68D3F890309C
:1070000043F020027B68C3F890207B68D3F890306F
:10701000002B00F06682D7F8E43003F02003002B49
:1070200013D0D7F8E03003F02003002B05D1D7F8B8
:10703000DC3003F08053002B07D07B685B6F002BA4
:1070400003D07B685B6F786898477B68D3F8903093
:10705000C7F8D4307B681B689B6803F04003402B63
:1070600005D0D7F8D43003F02803002B54D078682B
:1070700000F039FE7B681B689B6803F04003402BDF
:1070800046D17B681B680833C7F89C30D7F89C3022
:1070900053E8003FC7F89830D7F8983023F0400302
:1070A000C7F8D0307B681B680833D7F8D020C7F802
:1070B000A820C7F8A430D7F8A410D7F8A82041E832
:1070C0000023C7F8A030D7F8A030002BD9D17B68B7
:1070D000D3F88030002B17D07B68D3F88030154A66
:1070E0009A637B68D3F880301846FCF796FB03461A
:1070F000002B19D07B68D3F880309B6B7A68D2F86C
:107100008020104698470FE0786800F0F5F90BE012
:10711000786800F0F1F907E0786800F0EDF97B6835
:107120000022C3F89020DCE100BFDAE1010000108A
:1071300020010004B37D00087B68DB6E012B40F06A
:107140007081D7F8E43003F01003002B00F0698160
:10715000D7F8E03003F01003002B00F062817B6869
:107160001B6810221A627B681B689B6803F040034F
:10717000402B40F0D8807B68D3F880301B685B6878
:10718000A7F8BE30B7F8BE30002B00F0AF807B68A8
:10719000B3F85C30B7F8BE209A4280F0A7807B68D5
:1071A000B7F8BE20A3F85E207B68D3F880301B6858
:1071B0001B6803F02003002B40F087807B681B686E
:1071C000C7F88830D7F8883053E8003FC7F88430D4
:1071D000D7F8843023F48073C7F8B8307B681B6815
:1071E0001A46D7F8B830C7F89430C7F89020D7F8C7
:1071F0009010D7F8942041E80023C7F88C30D7F8D6
:107200008C30002BDAD17B681B6808337B677B6F7F
:1072100053E8003F3B673B6F23F00103C7F8B430EE
:107220007B681B680833D7F8B420C7F88020FB6759
:10723000F96FD7F8802041E80023BB67BB6F002BB4
:10724000E1D17B681B6808333B663B6E53E8003F27
:10725000FB65FB6D23F04003C7F8B0307B681B680B
:107260000833D7F8B020FA66BB66B96EFA6E41E80B
:1072700000237B667B6E002BE3D17B682022C3F862
:107280008C207B680022DA667B681B68FB64FB6CE1
:1072900053E8003FBB64BB6C23F01003C7F8AC306D
:1072A0007B681B681A46D7F8AC30BB657A65796D88
:1072B000BA6D41E800233B653B6D002BE4D17B6850
:1072C000D3F880301846FCF749FA7B6802221A6727
:1072D0007B68B3F85C207B68B3F85E309BB2D31A4E
:1072E0009BB21946786800F011F9FCE07B68B3F8AE
:1072F0005C30B7F8BE209A4240F0F5807B68D3F846
:1073000080301B681B6803F02003202B40F0EB80CB
:107310007B6802221A677B68B3F85C30194678688C
:1073200000F0F4F8DFE07B68B3F85C207B68B3F82A
:107330005E309BB2D31AA7F8CE307B68B3F85E30CC
:107340009BB2002B00F0D180B7F8CE30002B00F0BC
:10735000CC807B681B68BB63BB6B53E8003F7B63DF
:107360007B6B23F49073C7F8C8307B681B681A46A0
:10737000D7F8C8307B643A64396C7A6C41E80023F2
:10738000FB63FB6B002BE4D17B681B6808337B62DB
:107390007B6A53E8003F3B623B6A23F0805323F053
:1073A0000103C7F8C4307B681B680833D7F8C420D2
:1073B0003A63FB62F96A3A6B41E80023BB62BB6A3D
:1073C000002BE1D17B682022C3F88C207B6800224F
:1073D000DA667B6800225A677B681B683B613B6901
:1073E00053E8003FFB60FB6823F01003C7F8C03090
:1073F0007B681B681A46D7F8C030FB61BA61B9696F
:10740000FA6941E800237B617B69002BE4D17B684A
:1074100002221A67B7F8CE301946786800F076F87D
:1074200063E0D7F8E43003F48013002B0ED0D7F8D4
:10743000DC3003F48003002B08D07B681B684FF41A
:1074400080121A62786800F0F1FC51E0D7F8E4305D
:1074500003F08003002B14D0D7F8E03003F0800352
:10746000002B05D1D7F8DC3003F40003002B08D043
:107470007B689B6F002B3AD07B689B6F786898473E
:1074800035E0D7F8E43003F04003002B09D0D7F8FB
:10749000E03003F04003002B03D0786800F09BFC41
:1074A00026E0D7F8E43003F40003002B09D0D7F826
:1074B000E03003F08043002B03D0786800F0CAFC72
:1074C00016E0D7F8E43003F08073002B10D0D7F823
:1074D000E030002B0CDA786800F0B2FC08E000BF66
:1074E00006E000BF04E000BF02E000BF00E000BF14
:1074F000E837BD4680BD00BF80B483B000AF786080
:1075000000BF0C37BD465DF8047B704780B483B084
:1075100000AF78600B467B8000BF0C37BD465DF83E
:10752000047B70472DE9B04F8CB000AF7861002329
:1075300087F82A307B699A687B691B691A437B69E3
:107540005B691A437B69DB691343FB627B691B68D8
:107550001A68AF4B13407A691268F96A0B431360DB
:107560007B691B685B6823F440517B69DA687B693F
:107570001B680A435A607B699B69FB627B691B68D5
:10758000A44A934204D07B691B6AFA6A1343FB62E4
:107590007B691B689B6823F06E4323F430637A6930
:1075A0001268F96A0B4393607B691B68DB6A23F0FE
:1075B0000F017B695A6A7B691B680A43DA627B693F
:1075C0001B68954A934225D10320FFF755FB0346DC
:1075D000032B1BD801A252F823F000BFED75000861
:1075E000FD750008F575000805760008012387F889
:1075F0002B3042E0022387F82B303EE0042387F84B
:107600002B303AE0082387F82B3036E0102387F838
:107610002B3032E07B691B687E4A93422AD14FF4BB
:107620004060FFF739FB0346B3F5406F1AD0B3F55E
:10763000406F1BD8B3F5006F0CD0B3F5006F15D8B1
:10764000002B03D0B3F5806F08D00FE0002387F83C
:107650002B3012E0022387F82B300EE0042387F84A
:107660002B300AE0082387F82B3006E0102387F838
:107670002B3002E0102387F82B307B691B68654AAA
:10768000934240F0978097F82B30082B23D801A223
:1076900052F823F0B9760008D7760008C1760008C2
:1076A000D7760008C7760008D7760008D776000896
:1076B000D7760008CF760008FDF7D4FD786210E099
:1076C000564B7B620DE0FDF74DFD786209E048F214
:1076D00006037B6205E000237B62012387F82A30E2
:1076E00000BF7B6A002B00F02B817B695B6A4C4AF0
:1076F00032F813301A467B6AB3FBF2F3BB617B6945
:107700005A6813465B001344BA699A4205D37B69F1
:107710005B681B03BA699A4203D9012387F82A30B0
:107720000EE17B6A0022BB60FA607B695B6A3C4ABF
:1077300032F813309BB200223B607A60D7E9002315
:10774000D7E90201F9F708FA02460B461046194636
:107750004FF000024FF000030B0243EA10630202F5
:1077600079694968490800200C46054612EB04086F
:1077700043EB05097B695B6800229A4693465246B3
:107780005B4640464946F9F7E7F902460B46134681
:107790003B623B6AB3F5407F08D33B6AB3F5801F79
:1077A00004D27B691B683A6ADA60C9E0012387F872
:1077B0002A30C5E07B69DB69B3F5004F6DD197F8DE
:1077C0002B30013B072B2DD801A252F823F000BF2C
:1077D000F1770008F977000825780008FF7700089E
:1077E0002578000825780008257800080778000823
:1077F000FDF74EFD78621BE0084B7B6218E0FDF759
:10780000B1FC786214E048F206037B6210E000BF2E
:10781000F369FFCF00800040003801400024F400ED
:10782000C8C9000800237B62012387F82A3000BF03
:107830007B6A002B00F084807B695B6A4B4A32F8DC
:1078400013301A467B6AB3FBF2F35A007B695B681C
:107850005B081A447B695B68B2FBF3F33B623B6AEB
:107860000F2B16D93B6AB3F5803F12D23B6A9BB20D
:1078700023F00F03FB833B6A5B089BB203F0070313
:107880009AB2FB8B1343FB837B691B68FA8BDA602C
:1078900056E0012387F82A3052E097F82B30013B5D
:1078A000072B22D801A252F823F000BFCD780008A0
:1078B000D5780008EB780008DB780008EB78000842
:1078C000EB780008EB780008E3780008FDF7E0FCAF
:1078D000786210E0264B7B620DE0FDF743FC786296
:1078E00009E048F206037B6205E000237B62012386
:1078F00087F82A3000BF7B6A002B21D07B695B6A46
:107900001A4A32F813301A467B6AB3FBF2F27B69EB
:107910005B685B081A447B695B68B2FBF3F33B620C
:107920003B6A0F2B09D93B6AB3F5803F05D23B6A0E
:107930009AB27B691B68DA6002E0012387F82A307B
:107940007B690122A3F86A207B690122A3F86820E1
:107950007B6900225A677B6900229A6797F82A3070
:1079600018463037BD46BDE8B08F00BFC8C9000813
:107970000024F40080B483B000AF78607B689B6A19
:1079800003F00803002B0AD07B681B685B6823F4B4
:1079900000417B689A6B7B681B680A435A607B686E
:1079A0009B6A03F00103002B0AD07B681B685B68AD
:1079B00023F400317B68DA6A7B681B680A435A60EB
:1079C0007B689B6A03F00203002B0AD07B681B686C
:1079D0005B6823F480317B681A6B7B681B680A4301
:1079E0005A607B689B6A03F00403002B0AD07B6813
:1079F0001B685B6823F480217B685A6B7B681B687B
:107A00000A435A607B689B6A03F01003002B0AD07C
:107A10007B681B689B6823F480517B68DA6B7B680A
:107A20001B680A439A607B689B6A03F02003002B63
:107A30000AD07B681B689B6823F400517B681A6C32
:107A40007B681B680A439A607B689B6A03F040036B
:107A5000002B1AD07B681B685B6823F480117B685D
:107A60005A6C7B681B680A435A607B685B6CB3F591
:107A7000801F0AD17B681B685B6823F4C0017B68A8
:107A80009A6C7B681B680A435A607B689B6A03F0A8
:107A90008003002B0AD07B681B685B6823F40021FD
:107AA0007B68DA6C7B681B680A435A6000BF0C373E
:107AB000BD465DF8047B704780B598B002AF786032
:107AC0007B680022C3F89020FBF7D2FB78657B68C7
:107AD0001B681B6803F00803082B2FD16FF07E434F
:107AE00000937B6D00224FF40011786800F08EF84F
:107AF0000346002B22D07B681B68BB63BB6B53E83B
:107B0000003F7B637B6B23F080033B657B681B68D6
:107B10001A463B6D7B643A64396C7A6C41E8002309
:107B2000FB63FB6B002BE6D17B682022C3F8882027
:107B30007B68002283F88420032363E07B681B6852
:107B40001B6803F00403042B49D16FF07E430093BC
:107B50007B6D00224FF48001786800F057F80346EF
:107B6000002B3CD07B681B687B627B6A53E8003F3C
:107B70003B623B6A23F49073FB647B681B681A4684
:107B8000FB6C3B63FA62F96A3A6B41E80023BB6223
:107B9000BB6A002BE6D17B681B6808333B613B69FD
:107BA00053E8003FFB60FB6823F00103BB647B6884
:107BB0001B680833BA6CFA61BB61B969FA6941E8BC
:107BC00000237B617B69002BE5D17B682022C3F811
:107BD0008C207B68002283F88420032312E07B68DA
:107BE0002022C3F888207B682022C3F88C207B6881
:107BF0000022DA667B6800221A677B68002283F81D
:107C00008420002318465837BD4680BD80B584B017
:107C100000AFF860B9603B601346FB714FE0BB6991
:107C2000B3F1FF3F4BD0FBF723FB02463B68D31A6F
:107C3000BA699A4202D3BB69002B01D103234EE0FB
:107C4000FB681B681B6803F00403002B37D0BB687C
:107C5000802B34D0BB68402B31D0FB681B68DB69BC
:107C600003F00803082B10D1FB681B6808221A6276
:107C7000F86800F038F8FB680822C3F89020FB6829
:107C8000002283F88420012329E0FB681B68DB695C
:107C900003F40063B3F5006F11D1FB681B684FF468
:107CA00000621A62F86800F01EF8FB682022C3F830
:107CB0009020FB68002283F8842003230FE0FB68F8
:107CC0001B68DA69BB681340BA689A420CBF01238B
:107CD0000023DBB21A46FB799A42A0D00023184653
:107CE0001037BD4680BD80B495B000AF78607B682A
:107CF0001B687B637B6B53E8003F3B633B6B23F468
:107D00009073FB647B681B681A46FB6C3B64FA63E8
:107D1000F96B3A6C41E80023BB63BB6B002BE6D1E7
:107D20007B681B6808333B623B6A53E8003FFB619A
:107D3000FB6923F0805323F00103BB647B681B685D
:107D40000833BA6CFA62BB62B96AFA6A41E8002386
:107D50007B627B6A002BE3D17B68DB6E012B18D141
:107D60007B681B68FB60FB6853E8003FBB60BB6837
:107D700023F010037B647B681B681A467B6CBB6135
:107D80007A617969BA6941E800233B613B69002B5C
:107D9000E6D17B682022C3F88C207B680022DA665B
:107DA0007B6800225A6700BF5437BD465DF8047BEC
:107DB000704780B584B000AF78607B689B6AFB60D9
:107DC000FB680022A3F85E20F868FFF795FB00BF70
:107DD0001037BD4680BD80B588B000AF78607B6845
:107DE0001B68FB60FB6853E8003FBB60BB6823F087
:107DF0004003FB617B681B681A46FB69BB617A61C3
:107E00007969BA6941E800233B613B69002BE6D1FF
:107E10007B682022C3F888207B6800229A677868F4
:107E2000F9F7FAFD00BF2037BD4680BD80B483B0AE
:107E300000AF786000BF0C37BD465DF8047B70472B
:107E400080B483B000AF786000BF0C37BD465DF8EA
:107E5000047B704780B483B000AF786000BF0C37FC
:107E6000BD465DF8047B704780B485B000AF786094
:107E70007B6893F88430012B01D1022327E07B68D3
:107E8000012283F884207B682422C3F888207B6841
:107E90001B681B68FB607B681B681A687B681B6833
:107EA00022F001021A60FB6823F00053FB607B683C
:107EB00000225A667B681B68FA681A607B68202279
:107EC000C3F888207B68002283F8842000231846AA
:107ED0001437BD465DF8047B704780B584B000AFB1
:107EE000786039607B6893F88430012B01D10223DC
:107EF0002DE07B68012283F884207B682422C3F86C
:107F000088207B681B681B68FB607B681B681A689D
:107F10007B681B6822F001021A607B681B689B6803
:107F200023F060417B681B683A680A439A6078686E
:107F300000F050F87B681B68FA681A607B682022A2
:107F4000C3F888207B68002283F884200023184629
:107F50001037BD4680BD80B584B000AF7860396011
:107F60007B6893F88430012B01D102232DE07B68DC
:107F7000012283F884207B682422C3F888207B6850
:107F80001B681B68FB607B681B681A687B681B6842
:107F900022F001021A607B681B689B6823F0606115
:107FA0007B681B683A680A439A60786800F012F8A8
:107FB0007B681B68FA681A607B682022C3F88820F7
:107FC0007B68002283F88420002318461037BD46C2
:107FD00080BD000080B485B000AF78607B685B6EC8
:107FE000002B08D17B680122A3F86A207B6801225C
:107FF000A3F8682031E00823FB730823BB737B6878
:108000001B689B685B0EDBB203F007037B737B6826
:108010001B689B685B0FDBB203F007033B73BB7B02
:108020003A7B11498A5C02FB03F33A7B0F498A5C75
:1080300093FBF2F39AB27B68A3F86A20FB7B7A7B0E
:1080400009498A5C02FB03F37A7B08498A5C93FB4B
:10805000F2F39AB27B68A3F8682000BF1437BD46DC
:108060005DF8047B704700BFE0C90008E8C900085C
:1080700080B5CCB000AF024607F59873A3F59573B1
:108080001A8007F11003C7F82C3107F59873A3F293
:10809000211300221A700023C7F82831D7F82C3199
:1080A00007F59872A2F5957212881A80D7F82831D0
:1080B0000233C7F8283107F58873182200211846C3
:1080C00000F05AF93F23A7F810318D23A7F8123199
:1080D0000F23C7F8143107F11003C7F81831D7F888
:1080E0002831C7F81C3107F10F03C7F820310123ED
:1080F000C7F8243107F588730021184600F072F89C
:108100000346002B01DAFF2304E007F59873A3F27E
:1081100021131B78184607F59877BD4680BD80B5BA
:1081200088B000AF0023FB7107F10803182200217B
:10813000184600F021F93F233B8194237B81FB1DEE
:10814000BB610123FB6107F108030021184600F021
:1081500049F80346002B01DAFF2300E0FB791846BB
:108160002037BD4680BD80B584B000AF78607B68A5
:10817000FB605C21786801F037FD0346002B07D0D7
:108180005C21786801F030FD03460133FB600DE0AF
:108190002F21786801F028FD0346002B06D02F21FF
:1081A000786801F021FD03460133FB60FB68184647
:1081B0001037BD4680BD000080B584B000AFF860C8
:1081C000B9607A607B689AB24FF0FF33B9680448AF
:1081D000FEF7C2FD7B6818461037BD4680BD00BF64
:1081E0005804002080B588B000AF78600B46FB7063
:1081F000002000F0A1F80023FB777B685B881BB2AE
:10820000C3F309031AB27B681B889B021BB213439A
:108210001BB2BB83334B01221A707B68DB68D9B277
:108220007B689A68BB8B184600F060F84EE048F215
:10823000E800FAF707FA43E007F10C0319462A4869
:1082400000F015F9FB685B7A0F2B14D1FB680B3338
:108250003B613B695B889BB2BA8B9A4204D17B68D5
:108260001B693A6912781A703B695B78002B27D03A
:108270000123FB7724E0FB680B33BB61BB69B3F8D8
:1082800001309BB2BA8B9A4214D1FB689B7A033BB4
:10829000FB757B685A69FB7D9A42A8BF1A467B68CA
:1082A0005A617B681869BB69D91C7B685B691A468F
:1082B00001F037FDBB691B78002B01D00123FB7750
:1082C000094800F091F80346002BB5D0FB7F002B46
:1082D000ADD0012000F030F8002318462037BD460D
:1082E00080BD00BF0C0700200007002080B582B0D1
:1082F00000AF03463A60FB800B467B710C4B1B685A
:10830000FA88A3F809200A4B1B687A79DA72084BBD
:108310001B680C337A793968184601F002FD054B69
:108320001B6900210020984700BF0837BD4680BD6B
:10833000F0010020E006002080B582B000AF0346C7
:10834000FB71FB79002B08D10A4B1B68002B0DD069
:10835000084B1B680020984708E0064B1B68002B61
:1083600004D0044B1B680120984700BF00BF0837AA
:10837000BD4680BD0807002080B584B000AFF8601E
:10838000B9607A607A68B968F86801F025FC03463C
:1083900018461037BD4680BD80B485B000AF034697
:1083A000FB710F4BFB6002E0FB68083BFB60FB6866
:1083B00007331B78FA799A4203D0FB68094A934243
:1083C000F2D1FB6807331B78FA799A4201D0002377
:1083D000FB60FB6818461437BD465DF8047B7047A8
:1083E000F873FF1F0070FF1F80B487B000AF786084
:1083F000EFF31083FB60FB683B6172B600BF7B68E4
:108400001B687A689A4202D10123FB7501E00023C0
:10841000FB753B69BB60BB6883F3108800BFFB7DC5
:1084200018461C37BD465DF8047B704780B487B0A2
:1084300000AF7860EFF31083FB60FB687B6172B67E
:1084400000BF7B685B687A6812681A607B681B688B
:108450007A6852685A607B693B613B6983F3108894
:1084600000BF00BF1C37BD465DF8047B704780B578
:1084700086B000AF78603960EFF31083FB60FB6873
:108480007B6172B600BF7B681A683B681A607B68C4
:108490001B681846FFF7CAFF7B693B613B6983F3A2
:1084A000108800BF00BF1837BD4680BD80B58EB0B4
:1084B00000AFF860B9603B601346FB8000233B626D
:1084C0000023FB860023FB770023BB6200237B6233
:1084D0000023BB770023BB83FB681B89002B01D1E2
:1084E000022300E00023FB77FB685B69002B29D0A7
:1084F000FB681B89002B22D1FB681A68FB681B698B
:1085000013441B781846FB681A68FB681B69591CE2
:10851000FB685B68994206D3FB681969FB685B6876
:10852000CB1A013302E0FB681B69013313441B784B
:108530001B029BB203449BB202339BB201E0FB6877
:108540001B89FB86FB681B89002B02D0FB681B89FB
:10855000FB80FB681A69FB68DB689A4207D3FB68FB
:108560005A68FB681969FB8E0B44D31A00E000239C
:10857000BB61FA88FB7F13441A463B6802FB03F396
:10858000BA699A420BD8FA88FB7F13441A46BB6932
:10859000B3FBF2F101FB02F29B1ADBB200E0002315
:1085A000FB75FA7DFB7F9A428CBF01230023DBB26F
:1085B000BB77BB7F002B08D0FB681B7F03F0010358
:1085C000002B02D0FB7D9BB200E0BB8BBB83BB7F4B
:1085D000002B08D0FB681B7F03F00203002B02D0A6
:1085E000FB7F9BB200E0BB8BBB83FB88002B00F0C2
:1085F0007E81FB685A69F988FB7F0B4419463B680A
:1086000001FB03F31A44BB8B1A44FB685B689A4274
:1086100000F26D810023FB624AE1FB681A69FB8E60
:108620001A44FB685B689A4207D3FB681A69FB8EA1
:108630001A44FB685B68D31A03E0FB681A69FB8E77
:108640001344FA681361FB681B693B63FB681B8971
:10865000002B30D1FB681A683B6B591C39631344FB
:10866000FA88D2B21A70FB685B683A6B9A4204D3FC
:10867000FB685B683A6BD31A00E03B6B3B63FB889B
:108680001B0A98B2FB681A683B6B591C3963134488
:10869000C2B21A70FB685B683A6B9A4204D3FB68FB
:1086A0005B683A6BD31A00E03B6B3B63FB685B692A
:1086B0009A1CFB685A61FA88FB6859683B6BCB1AB5
:1086C000934228BF1346BB62FB88BA6A9A4207D01E
:1086D000FB88BA6A9A4225D2FB681B7F002B21D106
:1086E000FB681A683B6BD018FB88FA6A02FB03F33D
:1086F000BA681344BA6A194601F013FBFB685A6959
:10870000BB6A1A44FB685A6100233B63BB6A7B6205
:10871000FA88BB6AD31ABB62FB7F9AB2FB88134408
:10872000FB86A4E0BB6A002B00F0A180FB681B7FE6
:1087300003F00103002B3AD0FB681B89002B0DD1FD
:10874000FB681A683B6B023B1344FF221A70FB68FC
:108750001A683B6B013B1344FF221A70FB685A698D
:10876000BB6A1A44FB685A6100237B62FB88BB62C8
:1087700000233B63FB681B89002B6FD1FB681A68E1
:108780003B6B591C39631344BA6AD2B21A70BB6A84
:10879000180AFB681A683B6B591C39631344C2B250
:1087A0001A70FB685B699A1CFB685A6156E0FB68AB
:1087B0001B7F03F00203002B50D0FB681B89002BAA
:1087C0004AD1FB681A683B6B023B1344BA6AD2B2C7
:1087D0001A70BB6A190AFB681A683B6B013B1344A9
:1087E000CAB21A70FB681A683B6BD018FB88FA6A29
:1087F00002FB03F3BA681344BA6A194601F091FA0E
:10880000FB685A69BB6A1A44FB685A61BB6A7B629F
:10881000FA88BB6AD31ABB62FB689B695A1CFB6867
:108820009A6100233B63FB681A683B6B591C3963F0
:108830001344BA6AD2B21A70BB6A180AFB681A6883
:108840003B6B591C39631344C2B21A70FB685B69F5
:108850009A1CFB685A6101E0002349E0FB7F9AB251
:10886000BB6A9BB21344FB86FB6800221A61BB6A99
:10887000002B15D0FB681A683B6BD018FB88FA6A8E
:1088800003FB02F27B6A1344BA681344BA6A1946BE
:1088900001F047FAFB685A69BB6A1A44FB685A61DF
:1088A000FB689B695A1CFB689A61FB6A0133FB6297
:1088B000FA6A3B689A42FFF4B0AEFB681A68FB683C
:1088C0001969FB7F1944FB685B68994207D3FB6811
:1088D0001969FB7F1944FB685B68CB1A03E0FB68EE
:1088E0001969FB7F0B4413443B623B6A00E00023A1
:1088F00018463837BD4680BD80B582B000AF1CE059
:108900003B1D19461248FFF7B2FD7B685B7A0F2BBF
:1089100003D07B685B7A0E2B05D17B681946022059
:1089200000F080F804E07B681946032000F07AF834
:10893000084B1B687A68104698470548FFF754FDB6
:108940000346002BDCD000BF0837BD4680BD00BF0A
:10895000C80003201007002080B500AF024B1B6841
:10896000984700BF80BD00BF1407002080B500AF4E
:10897000074BDB681B681946052000F053F8054BD0
:108980001B68034AD26812681046984700BF80BD32
:10899000000003201807002080B582B000AF0EE071
:1089A0003B1D19460B48FFF762FD7B681946062000
:1089B00000F038F8084B1B687A681046984705485D
:1089C000FFF712FD0346002BEAD000BF0837BD4673
:1089D00080BD00BFD00003201C07002080B582B0FE
:1089E00000AF08E03B1D19460848FFF740FD7B68D3
:1089F000184600F00DF80548FFF7F6FC0346002B7B
:108A0000F0D000BF0837BD4680BD00BFC0000320C6
:108A100080B483B000AF786000BF0C37BD465DF80E
:108A2000047B704780B487B000AF03463960FB71A8
:108A3000FB79062B45D801A252F823F0598A000889
:108A40007D8A0008838A0008978A0008A38A0008A4
:108A5000A98A0008B78A00083B687B617B695B7A5A
:108A6000FF2B05D0FF2B05DC0E2B05D00F2B01E0D3
:108A700000BF27E000BF25E000BF23E03B68FB60AC
:108A800020E03B687B617B695B7A0E2B01D00F2B6A
:108A900000E000BF16E03B687B617B695B7AFF2BDF
:108AA00010E03B68FB600DE03B683B613B695B7835
:108AB0000E2B00BF06E03B687B617B695B7AFF2B76
:108AC00000E000BF00BF1C37BD465DF8047B704767
:108AD00080B590B000AF7860734B1B68BB62724B7F
:108AE0001A687B681340704A1360704B1B68BB6345
:108AF0006F4B1B687B636F4B1B683B636E4B1B6844
:108B0000FB628DE00023FB6302E0FB6B0133FB6340
:108B10006A4AFB6B52F833203B6B1A40624B1B686E
:108B20001340002BF1D0654AFB6B52F833203B6BAE
:108B30001A405D4B1B6813407B62604AFB6BDB0095
:108B400013445A687B6A1340002B06D15B4AFB6BC7
:108B5000DB0013444FF0FF325A60584AFB6BDB00D6
:108B600013445A687B6A1340184600F005F903461F
:108B70001A46534B1A60514AFB6BDB0013445A6888
:108B80004F4B1B68012101FA03F3DB431A404B49A9
:108B9000FB6BDB000B445A60EFF31083BB61BB69D6
:108BA0003B6272B600BF464B1B68012202FA03F318
:108BB000DA433E4B1B6813403C4A13600123FB63BE
:108BC00013E0FB6B013B3D4A52F833103C4B1B68F2
:108BD000012202FA03F3DA43FB6B013B0A403749F7
:108BE00041F83320FB6B013BFB63FB6B002BE8D1AF
:108BF0003B6A7B617B6983F3108800BF304B1B6845
:108C0000304A52F823309847284B1B68BB63284BE7
:108C10001B687B63274B1B683B63274B1B68FB620E
:108C2000BA6B3B6B1A40204B1B681340002B05D0DE
:108C30007A6BFB6A1340002B3FF464AF204B4FF07C
:108C4000FF321A6000F08AF8EFF310833B613B6952
:108C5000FB6172B600BF154B1B68BB63144B1B68EE
:108C60007B63144B1B683B63BA6B3B6B1A400E4B28
:108C70001B681340002B07D10F4B1A687B6B134006
:108C8000002B01D1F8F75FF9FB69FB60FB6883F308
:108C9000108800BF00F069F8034ABB6A136000BF88
:108CA0004037BD4680BD00BF1800002020070020CF
:108CB000240700201400002028070020B00700200F
:108CC0002C0700203007002080B588B000AF786006
:108CD0001F4B1B68BB611E4B1B68B3F1FF3F02D1EA
:108CE0000023FB6105E01A4B1B68012202FA03F323
:108CF000FB61184B1B687B61164A7B68136003E0BD
:108D00007968F869F8F726F9134B1A687B681340FD
:108D1000002BF5D00E4ABB691360EFF31083BB60E4
:108D2000BB683B6172B600BF7B68DA430A4B1B68C5
:108D30001340094A13603B69FB60FB6883F31088AA
:108D400000BF044A7B69136000BF2037BD4680BD69
:108D50002C070020280700202407002080B400AF43
:108D600000BFBD465DF8047B704780B400AF00BF14
:108D7000BD465DF8047B704780B485B000AF786075
:108D80007B68FB60FB68002B01D1202303E0FB68BC
:108D9000B3FA83F3DBB2C3F11F03DBB21846143717
:108DA000BD465DF8047B7047024B0146186800F031
:108DB00025B800BF2800002070B50F4E0C46316862
:108DC000054611B900F05EFF30602146284600F0EC
:108DD00059FF431C03D14FF0FF34204670BDC41C23
:108DE00024F00304A042F8D0211A284600F04AFFDC
:108DF0000130F2D1EFE700BFB80700202DE9F843BA
:108E0000CD1C25F0030508350C2D38BF0C25002D91
:108E1000064601DBA94204D90C2333600020BDE8DB
:108E2000F883DFF8D48000F069F8D8F800301C46E9
:108E300044BB29463046FFF7BFFF431C044658D1C8
:108E4000D8F800402746002F43D1002C4BD0236890
:108E50003946304604EB030900F014FF814542D146
:108E600021686D1A29463046FFF7A6FF01303AD037
:108E700023682B442360D8F800305A6862BBC8F8D6
:108E800000700FE02268521B20D40B2A17D96119F9
:108E9000A342256018BF5960636808BFC8F8001076
:108EA00062514B60304600F02FF804F10B00231D97
:108EB00020F00700C21A1CBF1B1AA350AFE762685C
:108EC000A3420CBFC8F800205A60EBE72346646851
:108ED000AEE73C467F68B6E71A465B68A342FBD123
:108EE00000235360DEE70C233360304600F00CF8BB
:108EF00094E70560D6E700BFBC070020014800F0FA
:108F00000EBF00BF00090020014800F009BF00BFEC
:108F1000000900202DE9FF4757EC106B002F0C468D
:108F200019463B46BBBF07F100431F4600232D23D4
:108F30000B700D9BDDF830A0914623F02008BCBFDC
:108F400032461646B8F1460F05D0B8F1450F00D1AC
:108F50000134022100E0032103AB019302AB009333
:108F600047EC106B5346224600F072FFB8F1470FF2
:108F7000054619D119F0010F0ED000EB04090022AB
:108F8000002330463946F7F777FD08B1CDF80C904D
:108F90003022039B4B451ED3039B0E9A5B1B284636
:108FA000136004B0BDE8F087B8F1460F00EB040988
:108FB000E5D10378302B0AD1002200233046394610
:108FC000F7F75AFD18B9C4F10104CAF80040DAF8FD
:108FD00000309944D3E7591C03911A70D9E7F7B5CB
:108FE0000029BABF49422D232B230929027043705F
:108FF00029DD0DF107031D460A271A46B1FBF7F6D6
:1090000007FB1614303402F8014C0C46632C03F1B4
:10901000FF333146F1DC3031941E03F8011C411C52
:109020002346AB420AD30DF109039B1AAC4288BF19
:10903000002302330344181A03B0F0BD13F8016B88
:1090400001F8016FEDE7302330318370C170031DEB
:10905000F1E700002DE9F04F8DB00C46DDF85880A7
:1090600016461F46054600F0D5FD036804931846D2
:10907000F7F7D6F800230A93D8F8003005900733A5
:1090800023F0070303F1080294F818A0D4F800B005
:10909000C8F80020D3E9008929F000430793CDF8F0
:1090A0001880C4E91289DDE906019C4B4FF0FF32BC
:1090B000F7F714FD70BBDDE90601984B4FF0FF3266
:1090C000F7F7EEFC30BB0022002340464946F7F795
:1090D000DDFC10B12D2384F84330914A914BBAF155
:1090E000470F94BF90469846032323612BF0040357
:1090F00023604FF00009009733460BAA214628460B
:1091000000F0D2F9013040F08D804FF0FF300DB00B
:10911000BDE8F08F42464B4640464946F7F7DEFC35
:1091200040B14B46002BBCBF2D2384F843307E4A10
:109130007E4BD4E763680AF0DF0206925A1C3BD1EB
:10914000062363604BF480620023226003930AAB22
:10915000CDE901A309AB0093616849EC108B0DF1D7
:1091600023032846FFF7D6FE069B0999472B804626
:1091700029D1C81C02DB6368994241DDAAF1020AC9
:109180005FFA8AFA0139524604F150000991FFF75B
:1091900026FF0A9A1318012A8146236102DC2268FD
:1091A000D20701D5013323619DF82330002BA2D0D3
:1091B0002D2384F843309EE7069A472AC2D1002B1C
:1091C000C0D10123BDE7BAF1650FDBD9BAF1660F53
:1091D00018D1002963680BDD216113B92268D0071B
:1091E00002D501330B442361A1654FF00009DBE791
:1091F00013B92268D20701D50233F4E70123F2E75D
:109200004FF0670A0A9B994205DB23682161D80762
:10921000EAD54B1CE7E70029D4BFC1F102020122C5
:109220001344E0E723685A0507D4236942463146D0
:109230002846B84701302BD167E7BAF1650F40F2F5
:10924000DD80D4E9120100220023F7F715FC002885
:1092500033D0374A012331462846B84701303FF41E
:1092600054AFDDE90938434502DB2368D8070FD541
:10927000DDE9042331462846B84701303FF445AFC5
:109280004FF0000908F1FF3804F11A0AC84509DC5B
:1092900023689B0700F10381E0680B9B9842B8BFED
:1092A000184634E70123524631462846B847013074
:1092B0003FF42BAF09F10109E8E7099B002B39DCEA
:1092C0001B4A012331462846B84701303FF41DAF01
:1092D000DDE9093959EA030302D12368D907D7D553
:1092E000DDE9042331462846B84701303FF40DAF8D
:1092F0004FF0000A04F11A0B099B5B42534501DC55
:109300004B4693E701235A4631462846B847013079
:109310003FF4FBAE0AF1010AEEE700BFFFFFEF7F6B
:10932000F0C90008F4C90008F8C90008FCC9000821
:1093300000CA0008A36DDDF828A05345A8BF534616
:10934000002B994636DC4FF0000B29EAE97904F14D
:109350001A02A36D0693A3EB09035B4531DC099B5D
:109360009A453ADC2368DA0737D4099BAAEB03094C
:10937000069BAAEB03039945A8BF9946B9F1000FD4
:1093800033DC4FF0000829EAE97904F11A0B099B54
:10939000AAEB0303A3EB090343457FF779AF01234E
:1093A0005A4631462846B84701303FF4AEAE08F180
:1093B0000108ECE7424631462846B8470130C2D1A1
:1093C000A3E60123314628460692B84701303FF410
:1093D0009CAE069A0BF1010BBBE7DDE90423314695
:1093E0002846B8470130C0D18FE6069A4B46424422
:1093F00031462846B8470130C3D186E6DDF828A0BB
:10940000BAF1010F01DCDB0736D5012342463146B4
:109410002846B84701303FF478AEDDE904233146F1
:109420002846B84701303FF470AED4E9120100225B
:1094300000230AF1FF3AF7F71FFBC0B9534608F1C2
:10944000010231462846B84701300CD15DE60123C0
:109450005A4631462846B84701303FF456AE08F127
:109460000108D045F3DB4B4604F15002DFE64FF034
:10947000000804F11A0BF4E701234246E1E7012357
:109480004A4631462846B84701303FF43EAE08F11F
:109490000108E3680B995B1A4345F0DCFCE64FF0EA
:1094A000000804F11909F4E72DE9F047164698463B
:1094B0008A680B69DDF820909342B8BF1346336089
:1094C00091F8432007460C460AB101333360236804
:1094D000990642BF336802333360256815F00605EC
:1094E00006D104F1190AE36832689B1AAB4226DC04
:1094F00094F843302268003B18BF012392062BD416
:1095000004F1430241463846C84701301ED0236863
:10951000226903F00603042B02BFE5683368ED1AE5
:10952000A3680CBF25EAE57500259342C4BF9B1ACA
:10953000ED1800261A34B5421AD1002008E00123A4
:10954000524641463846C847013003D14FF0FF30FC
:10955000BDE8F0870135C6E7E1185A1C302081F8D4
:109560004300224494F8451082F843100233C7E7C1
:109570000123224641463846C8470130E6D001362D
:10958000D9E700002DE9FF470F7E0C9E782F91460A
:1095900080460C469A4601F1430207D8622F0AD84A
:1095A000002F00F0D280582F00F0B98004F142065D
:1095B00084F842703AE0A7F16303152BF6D801A1B5
:1095C00051F823F01D96000831960008AD9500086B
:1095D000AD950008AD950008AD95000831960008DE
:1095E000AD950008AD950008AD950008AD95000853
:1095F000319700085B960008EB960008AD950008CF
:10960000AD95000853970008AD9500085B960008DB
:10961000AD950008AD950008F396000833681A1D53
:109620001B68326004F1420684F8423001239DE059
:1096300033682068191D3160060601D51D6803E0F6
:109640004506FBD5B3F90050002D03DA2D236D42FA
:1096500084F8433059480A2311E02168336808062A
:1096600053F8045B02D4490648BFADB26F2F53488C
:10967000336014BF0A230823002184F8431066686E
:10968000A660002EA2BF216821F0040121600DB95F
:10969000002E4BD01646B5FBF3F103FB1157C75D07
:1096A00006F8017D2F46BB420D46F4D9082B0BD19D
:1096B0002368DF0708D5236961689942DEBF30233C
:1096C00006F8013C06F1FF36921B2261CDF800A09E
:1096D0004B4603AA21464046FFF7E6FE01304AD139
:1096E0004FF0FF3004B0BDE8F087236843F020035B
:1096F00023603348782784F84570236831681F0653
:1097000051F8045B02D45F0648BFADB23160D9079F
:1097100044BF43F0200323601DB11023ACE727486A
:10972000E9E7236823F020032360F6E71646BDE748
:10973000336825686169181D30602E061B6801D5E5
:10974000196002E06806FBD51980002323611646E4
:10975000BCE733681A1D32601E686268002130461B
:10976000F6F70EFD08B1801B60606368236100237B
:1097700084F84330AAE72369324649464046D04739
:109780000130ADD023689B0713D4E068039B984257
:10979000B8BF1846A6E70123324649464046D0479F
:1097A00001309DD00135E36803995B1AAB42F2DCCE
:1097B000EBE7002504F11906F5E700BF02CA00082F
:1097C00013CA0008002310B50446C0E90033C0E9FD
:1097D0000433836081814366C28183611946082214
:1097E0005C3000F0F9F90D4B63620D4BA3620D4B39
:1097F000E3620D4B23630D4B24629C4206D003F1C0
:109800006802944202D0D0339C4205D104F1580042
:10981000BDE8104000F082BA10BD00BF299A0008D0
:109820004B9A0008839A0008A79A0008C0070020F6
:10983000024A0349034800F069B800BF1C00002039
:10984000FDB400082C00002041680C4B994210B573
:10985000044601D001F052FEA168094B994202D0A2
:10986000204601F04BFEE168064B994204D02046A9
:10987000BDE8104001F042BE10BD00BFC00700208F
:10988000280800209008002010B50B4B0B4C0C4A08
:109890001A60204600220421FFF794FF04F16800BB
:1098A00001220921FFF78EFF04F1D0000222BDE85A
:1098B00010401221FFF786BFF8080020C0070020E3
:1098C00031980008014800F02ABA00BF01090020C1
:1098D000014800F025BA00BF0109002010B5044678
:1098E000FFF7F0FF236A1BB1BDE81040FFF7F0BFA0
:1098F000044B2362044B1B68002BF5D1FFF7C4FF18
:10990000F2E700BF49980008F80800202DE9F84365
:109910000746884614460026D4E90195B9F10109A5
:1099200005D52468002CF7D13046BDE8F883AB8913
:10993000012B07D9B5F90E30013303D0294638463B
:10994000C04706436835E9E70FB407B5064904ABDD
:10995000086853F8042B8168019301F033FC03B0CD
:109960005DF804EB04B0704728000020036A70B56E
:10997000846805460E460BB9FFF7B0FF636EDB0740
:1099800005D4A389980502D4A06D00F0C8F9A38975
:10999000190702D52369002B35D12146284600F04E
:1099A000C5F880B34FF0FF35636EDA0705D4A3899D
:1099B0009B0502D4A06D00F0B3F9284670BD002BC2
:1099C00004DAA2699A4217DC0A2915D023685A1CC6
:1099D00022601970A36816F8011F013BA3600029DB
:1099E000EDD1002B11DA22460A21284600F05FF85B
:1099F0000130D7D00A25D7E72246284600F057F88D
:109A00000130E7D1CEE7013EE4E723685A1C22602B
:109A10000A221A70EEE70000024B01461868FFF7B1
:109A2000A5BF00BF2800002010B50C46B1F90E10EC
:109A300000F016F90028ABBF636DA3891B1823F44F
:109A40008053ACBF6365A38110BD2DE9F0411F4673
:109A50008B89DB0505460C46164605D5B1F90E1077
:109A60000223002200F0EAF8A389B4F90E1023F4CF
:109A70008053A38132463B462846BDE8F04100F0C2
:109A800011B910B50C46B1F90E1000F0D7F8431C0F
:109A9000A38915BF606523F4805343F48053A381E9
:109AA00018BFA38110BDB1F90E1000F0B7B8F8B51A
:109AB0000E461446054618B1036A0BB9FFF70EFFB0
:109AC000A369A360A3891A0701D5236943B9214675
:109AD000284600F02BF818B14FF0FF373846F8BD94
:109AE00023682269981A6369F6B28342374605DC17
:109AF0002146284601F002FD0028EDD1A368013B74
:109B0000A36023685A1C22601E706269431C9A423B
:109B100004D0A389DB07E1D50A2EDFD121462846F0
:109B200001F0ECFC0028D9D0D6E7000038B5294B6D
:109B3000054618680C4618B1036A0BB9FFF7CEFE4C
:109B4000B4F90C30190722D4DA0607D409222A60A6
:109B500043F04003A3814FF0FF3033E0580712D5A4
:109B6000616B41B104F14403994202D0284600F0F0
:109B700033FF00236363A38923F02403A38100231D
:109B8000636023692360A38943F00803A3812369E9
:109B90004BB9A38903F42073B3F5007F03D02146AA
:109BA000284601F0F9FCB4F90C3013F001020AD098
:109BB0000022A26062695242A261226942B913F096
:109BC0008000C5D138BD990758BF6269A260F4E72B
:109BD0000020F7E72800002002440346934200D10A
:109BE000704703F8011BF9E738B511F0FF0403468D
:109BF0000ED12146BDE8384001F00ABD431C0546A0
:109C00002146184601F004FD0028F7D1284638BD4A
:109C10000025F5E7004870476801002038B5064D7B
:109C20000023044608462B60F8F72DFC431C02D1A4
:109C30002B6803B1236038BDFC08002038B5074D00
:109C400004460846114600222A601A46F8F742FCEC
:109C5000431C02D12B6803B1236038BDFC080020EF
:109C600038B5074D04460846114600222A601A46B8
:109C7000F8F7ECFB431C02D12B6803B1236038BD1D
:109C8000FC08002038B5064D0023044608462B602A
:109C9000F8F72EFC431C02D12B6803B1236038BDBA
:109CA000FC08002038B5074D04460846114600223E
:109CB0002A601A46FEF780FA431C02D12B6803B1D2
:109CC000236038BDFC080020014B1868704700BFB6
:109CD0002800002070B50D4D0D4C641BA41000260B
:109CE000A64209D10B4D0C4C01F072FD641BA4106F
:109CF0000026A64205D170BD55F8043B98470136B1
:109D0000EEE755F8043B98470136F2E768CD0008C6
:109D100068CD000868CD00086CCD0008704770471A
:109D200070470A44914200F1FF3300D1704710B5EB
:109D300011F8014B03F8014F9142F9D110BD2DE903
:109D4000F74F03690C69A34207467EDB013C01F132
:109D50001408A30000F11405009305EB840301939C
:109D600058F8243055F8242001339A4208EB84092E
:109D7000B2FBF3F62ED34FF0000AC446AE46D346EC
:109D80005CF8043B98B206FB00A0020C1B0C06FB1F
:109D90000323DEF8002080B292B2121A5A44DEF891
:109DA00000004FEA134A9BB2C3EB224303EB10437C
:109DB00092B242EA0342E1454EF8042B4FEA234BAC
:109DC000DED2009BEB582BB9019B043B9D421A4607
:109DD0002FD33C61384601F0C3F8002825DB294623
:109DE000002058F8042BD1F800C01FFA82FE1FFA99
:109DF0008CF3A3EB0E030344120CC2EB234202EBE1
:109E00001C429BB243EA0243C14541F8043B4FEA7E
:109E10002240E6D255F8242005EB840322B9043B06
:109E20009D421A460BD33C610136304603B0BDE873
:109E3000F08F1268043B002ACBD1013CC6E71268C0
:109E4000043B002AEFD1013CEAE70020EEE70000E6
:109E50002DE9F04FC76999B08DED020B55EC104B11
:109E6000229E099183460E9213937FB91020FEF72C
:109E70009BFF0246CBF81C0020B9A74BEF21A74857
:109E800001F0F6FBC0E901770760C760DBF81C3022
:109E9000196859B15A684A60012393408B6058464B
:109EA00000F024FEDBF81C3000221A602B1EB9BF24
:109EB00023F00043039300233360039F984BBCBF00
:109EC00001223260BB4312D1139A42F20F73136026
:109ED000C7F31303234300F04D85239BDFF854A2FF
:109EE000002B00F04F850AF1030300F049BD9DED02
:109EF000027B002251EC170B00238DED0C7BF6F753
:109F0000BBFD804658B1139A01231360239B13B104
:109F1000239A844B1360DFF820A200F033BD9DED3F
:109F20000C0B16AA17A9584601F0CAF8C7F30A562F
:109F30008146002E77D00D9BCDF85080C3F31303DC
:109F4000DDE90C0143F07F5343F44013A6F2FF36E2
:109F500019460022744BF6F76FF969A3D3E9002381
:109F6000F6F722FB68A3D3E90023F6F767F9044666
:109F700030460D46F6F7AEFA65A3D3E90023F6F7AF
:109F800013FB02460B4620462946F6F757F90446CE
:109F90000D46F6F7B9FD0022074600232046294664
:109FA000F6F774FD40B13846F6F794FA22462B4690
:109FB000F6F762FD00B9013F162F51D85B4B03EB5A
:109FC000C703D3E90023DDE90C01F6F75FFD0028A4
:109FD00048D0013F00231293169B9B1B5A1E44BF7F
:109FE000C3F101080023089254BF4FF00008089302
:109FF000002F39DB089B0F973B44089300230A93FB
:10A00000099B092B64D8052BC4BF043B0993099B0A
:10A01000A3F10203CCBF00240124032B63D8DFE8A3
:10A0200003F02A373555DDE916631E4406F2324344
:10A03000202BC1BFC3F140039F4006F2124324FA14
:10A0400003F3D6BFC3F1200347EA030004FA03F089
:10A05000F6F730FA0122A1F1F873013E149277E786
:10A060000123B8E71290B7E77B420A930023A8EBDD
:10A0700007080F93C4E700230B930E9B002B35DCDE
:10A080000123009307931A460E920BE00123F3E796
:10A0900000230B930E9BFB1800930133012B0793B6
:10A0A000B8BF0123DBF81C000021042202F11405D3
:10A0B0009D421FD94160584600F0D8FC82460028D6
:10A0C0003CD11B4B024640F2AF11D8E60123E0E73A
:10A0D0000124002309930B944FF0FF33009307935F
:10A0E00000221223D0E701230B93F5E70E9B009388
:10A0F0000793D7E701315200D8E700BFAFF30080E4
:10A1000061436F63A787D23FB3C8608B288AC63F7D
:10A11000FB799F501344D33F31CA000848CA000856
:10A120000000F07F01CA00080000F83F40CB0008A3
:10A13000A0CA00082DCA000800CA0008DBF81C30BD
:10A140001860079B0E2B00F2A480002C00F0A18069
:10A15000002F33DDAD4B07F00F0203EBC20393ED8D
:10A16000007BF8058DED047B4FEA271416D5A84B2C
:10A17000DDE90C01D3E90823F6F740FBCDE9020144
:10A1800004F00F040326A24D54B9DDE90423DDE9F0
:10A190000201F6F733FBCDE9020128E00226F2E7DF
:10A1A000E10708D5DDE90401D5E90023F6F7FCF95C
:10A1B000CDE90401013664100835E5E700F0D280EE
:10A1C0007C42924B924D04F00F0203EBC203D3E9A1
:10A1D0000023DDE90C01F6F7E7F9CDE902012411CE
:10A1E00000230226002C40F0B280002BD3D1129B1A
:10A1F000DDE90245002B00F0B780864B00222046A7
:10A200002946F6F743FC002800F0AE80079B002BA0
:10A2100000F0AA80009B002B37DD7B1E04932046B4
:10A220007D4B00222946F6F7BFF9CDE90201009CDB
:10A2300001363046F6F74EF9DDE90223F6F7B4F9B8
:10A24000764B0022F5F7FAFF0546A1F15076002C77
:10A2500040F08D80DDE90201714B0022F5F7ECFF43
:10A2600002460B46CDE902232A463346F6F72CFC7C
:10A27000002840F08B82DDE902012A4606F1004306
:10A28000F6F704FC002840F02881DDE90C34CDE924
:10A290000234179B002BC0F25A810E2F00F3578116
:10A2A0005A4B03EBC70393ED007B0E9B002B8DED08
:10A2B000007B03DA079B002B40F30181DDE90245B7
:10A2C0005646DDE9002320462946F6F797FAF6F7C9
:10A2D0001BFC8046F6F7FEF8DDE90023F6F764F98B
:10A2E00002460B462046294608F13004F5F7A4FF44
:10A2F00006F8014B079DA6EB0A04A54202460B4651
:10A3000040F01781F5F79AFFDDE9002304460D467A
:10A31000F6F7DAFB002840F0F980DDE9002320465B
:10A320002946F6F7A9FB18B118F0010F40F0EE80AE
:10A330004946584600F0DAFB00233370139B01377F
:10A340001F60239B002B00F01D831E601AE3E207B1
:10A3500005D5D5E90023F6F727F901360123641066
:10A3600008353FE7022642E7079C049761E7274B41
:10A370000B9903EBC40353E902235444002953D03F
:10A3800028490020F6F73AFA33462A46F5F754FFF3
:10A39000CDE910015646DDE90201F6F7B5FB0546A9
:10A3A000F6F798F802460B46DDE90201F5F744FF9F
:10A3B000303502460B46CDE9022306F8015BDDE9A4
:10A3C0001023F6F763FB002871D1DDE90223114960
:10A3D0000020F5F731FFDDE91023F6F757FB0028E1
:10A3E00040F09580A6423FF450AFDDE910010A4BE2
:10A3F0000022F6F7D9F8084BCDE910010022DDE97B
:10A400000201F6F7D1F8CDE90201C4E740CB00081C
:10A4100018CB00080000F03F0000244000001C4062
:10A42000000014400000E03F31462846F6F7BCF833
:10A43000CDE9100115945646DDE90201F6F764FBFB
:10A440000546F6F747F802460B46DDE90201F5F747
:10A45000F3FE303506F8015B02460B46A642CDE915
:10A4600002234FF0000224D1AC4BDDE91001F5F7D7
:10A47000E5FE02460B46DDE90201F6F725FB002862
:10A4800045D1DDE91023A5490020F5F7D5FE0246A8
:10A490000B46DDE90201F6F7F9FA00283FF4F5AEC4
:10A4A000159E731E159316F8013C302BF8D0049FAF
:10A4B0003EE79B4BF6F778F8CDE90201BCE70CD1FB
:10A4C000984B0022DDE90001F6F76EF8DDE9022382
:10A4D000F6F7F0FA002800F05781002425460E9B7D
:10A4E000DB430493564600272146584600F0FEFA07
:10A4F000002DDCD02FB1AF4203D03946584600F0D2
:10A50000F5FA2946584600F0F1FAD0E704973346A9
:10A510001E4613F8012D392A07D19A45F8D1049A1D
:10A520000132049230228AF800201A7801321A701F
:10A53000BDE77B4B0022F6F737F8002200230446E4
:10A540000D46F6F799FA00283FF4BBAEF0E60B9AF9
:10A55000002A00F0DB80099A012A00F3BF80149AD8
:10A56000002A00F0B78003F233430A9C4646089A5B
:10A5700001211A4458469844089200F06BFB0546A6
:10A580005EB1089B002B08DDB342089AA8BF334692
:10A59000A8EB0308F61AD31A08930A9BF3B10B9B96
:10A5A000002B00F0B7808CB129462246584600F0B7
:10A5B00011FC4A4601460546584600F061FB4946F3
:10A5C0000490584600F092FA049B99460A9B1A1B85
:10A5D00004D04946584600F0FDFB8146012158460B
:10A5E00000F038FB0F9B0446002B00F0CF811A4689
:10A5F0000146584600F0EEFB099B012B044600F390
:10A600009580029B002B40F08780039BC3F31303CC
:10A61000002B40F08980039B23F000431B0D1B059A
:10A620002BB1089B0133089308F1010801230A9319
:10A630000F9B002B00F0B081236904EB83031869A2
:10A6400000F0BCFAC0F12000089B184410F01F0075
:10A6500077D0C0F12003042B6BDD089BC0F11C00F8
:10A660000344804406440893B8F1000F05DD4946D1
:10A670004246584600F008FC8146089B002B05DD49
:10A6800021461A46584600F0FFFB0446129B002B59
:10A6900059D02146484600F063FC002853DA7B1E5F
:10A6A0000493494600230A22584600F041FA0B9BC6
:10A6B0008146002B00F07281002329460A22584669
:10A6C00000F036FA009B002B054667DC099B022B45
:10A6D00041DC63E0169BC3F1360346E7079B5C1E33
:10A6E0000A9BA342BFBF0A9B0F9A0A94E31AB4BF06
:10A6F000D2181C1B079BBCBF0F920024002BB5BFB8
:10A70000A8EB0306079B0023464630E70A9C0B9DF7
:10A71000464635E70A9A5CE7002388E70000E03FF9
:10A720000000244000001440029B80E700230A93AD
:10A7300082E799D0089A1C331A4498441E44089220
:10A7400092E70346F6E7079B0497002B20DC009373
:10A75000099B022B1EDD009B002B7FF4C0AE21461F
:10A760000522584600F0E4F901460446484600F048
:10A77000F7FB00287FF7B3AE5646312306F8013BBE
:10A78000049B01330493AEE6079C04972546F3E748
:10A79000079B00930B9B002B00F00481002E05DD2E
:10A7A00029463246584600F06FFB05460A9B002BAF
:10A7B0005AD06968584600F059F9064628B9844BC2
:10A7C000024640F2EF21FFF75ABB2A69023292009B
:10A7D00005F10C010C30FFF7A4FA0122314658466E
:10A7E00000F052FB0AF101030793009B53440B93C3
:10A7F000029B03F001032F460A930546079B21465F
:10A80000013B48460093FFF79AFA3946029000F15F
:10A810003008484600F0A4FB2A46089021465846D6
:10A8200000F0BAFBC268064602BB0146484600F08B
:10A8300097FB0246314658460E9200F057F9099BA5
:10A840000E9A079E43EA02010A9B194310D1B8F100
:10A85000390F29D0089B002B02DD029B03F1310840
:10A86000009B83F800803FE62846BBE70122E1E732
:10A87000089B002B04DB09990B430A990B4320D159
:10A88000002AEDDD49460122584600F0FDFA214636
:10A89000814600F065FB002803DCE1D118F0010FD0
:10A8A000DED0B8F1390FD8D1009A3923137033466E
:10A8B0001E46013B16F8012C392A52D001321A707B
:10A8C00012E6002A07DDB8F1390FEDD0009A08F141
:10A8D0000103137008E6079B079A03F8018C0B9B92
:10A8E000934228D0494600230A22584600F020F916
:10A8F000AF4281464FF000034FF00A0239465846F6
:10A9000007D100F015F907460546079B0133079369
:10A9100074E700F00DF92946074600230A2258463D
:10A9200000F006F90546F0E7009B002BCCBF1E4661
:10A9300001265644002749460122584600F0A4FA51
:10A940002146814600F00CFB0028B0DC02D118F053
:10A95000010FACD133461E4613F8012D302AFAD030
:10A96000C2E59A45A4D1049B0133049331238AF8AC
:10A970000030B9E5239BDFF85CA01BB10AF10803A6
:10A98000239A1360504619B0BDE8F08F099B012B44
:10A990007FF737AE0F9B0A93012055E6009B002BF3
:10A9A0007FF7D6AE564621464846FFF7C8F900F174
:10A9B000300806F8018B009BA6EB0A029342B3DD38
:10A9C000494600230A22584600F0B2F88146EAE7D9
:10A9D000A0CA000824CA000838B50546002941D09D
:10A9E00051F8043C0C1F002BB8BFE418FEF786FAA0
:10A9F0001D4A136833B9636014602846BDE83840C7
:10AA0000FEF782BAA34208D9206821188B4201BF01
:10AA100019685B6809182160EDE71A465B680BB19D
:10AA2000A342FAD911685018A0420BD12068014402
:10AA3000501883421160E0D118685B685360084485
:10AA40001060DAE702D90C232B60D6E720682118C2
:10AA50008B4204BF19685B68636004BF09182160FA
:10AA60005460CAE738BD00BFBC07002070B5C66996
:10AA700004460D4676B91020FEF796F90246E061CD
:10AA800020B9184B18486B2100F0F2FDC0E90166AF
:10AA90000660C660E669F36883B1E369DB6853F872
:10AAA0002500B8B9012101FA05F6721D9200204671
:10AAB00000F0FCFD60B1C0E901560EE02122042146
:10AAC000204600F0F3FDE369F060DB68002BE4D181
:10AAD000002070BD026843F825200023C0E903333D
:10AAE000F7E700BF31CA0008B1CA000870B5C669EF
:10AAF00005460C4676B91020FEF756F90246E86185
:10AB000020B9094B09488F2100F0B2FDC0E9016668
:10AB10000660C6603CB1EB696268DB6853F82210DE
:10AB2000216043F8224070BD31CA0008B1CA000854
:10AB30002DE9F0410D6907460C461E4601F1140C43
:10AB40000020DCF8003099B202FB01611E0C0B0CF6
:10AB500002FB063389B2013001EB034185424CF818
:10AB6000041B4FEA1346ECDC0EB3A368AB4219DCBE
:10AB7000616838460131FFF779FF804628B90246FF
:10AB80000C4B0D48BA2100F073FD2269023204F12A
:10AB90000C0192000C30FFF7C4F821463846FFF74D
:10ABA000A5FF444604EB850301355E61256120461F
:10ABB000BDE8F081A0CA0008B1CA0008B0F5803F26
:10ABC000034636BF030400201020B3F1807F3CBF52
:10ABD0001B020830B3F1805F3CBF1B010430B3F1AE
:10ABE000804F3CBF9B000230002B05DB13F0804FF1
:10ABF00000F1010008BF202070470368024613F0EF
:10AC000007000BD0D90721D4980749BF5B089B08E0
:10AC1000012013605CBF13600220704799B209B92C
:10AC20001B0C1020D9B209B908301B0A190704BF40
:10AC30001B090430990704BF9B080230D90703D4CD
:10AC40005B0800F1010003D01360704700207047DB
:10AC50002020704710B50C460121FFF707FF024680
:10AC600028B9054B054840F2451100F001FD0123CC
:10AC70004461036110BD00BFA0CA0008B1CA00084A
:10AC80002DE9F04F14460A6923699A42A8BF23466A
:10AC90000F46A4BF0C461F46D4F810A0D7F810905A
:10ACA000A36861680AEB0906B34285B0B8BF0131F9
:10ACB000FFF7DCFE30B90246444B45484FF4B17112
:10ACC00000F0D6FC00F1140505EB86082B460022A7
:10ACD000434521D307F1140104F1140202EB8A0267
:10ACE00001EB89030293131B153B23F00303043389
:10ACF00004F11507BA4238BF04230193029B039164
:10AD00008B420CD8002E03DD58F8043D002B5BD09D
:10AD1000066105B0BDE8F08F43F8042BD8E7B1F821
:10AD200000A0BAF1000F24D004F1140EA9464FF090
:10AD3000000C5EF8047BD9F800301FFA87FB9BB249
:10AD40000AFB0B334FEA174BD9F8007063444FEA04
:10AD5000174C0AFB0BC707EB13479BB243EA0743A9
:10AD6000724549F8043B4FEA174CE2D8019B45F87D
:10AD700003C0039BB3F802900431B9F1000F21D056
:10AD80002B6804F1140CAE464FF0000ABCF800B07A
:10AD9000BEF8027009FB0B7757449BB243EA0743A6
:10ADA0004EF8043B5CF8043B4FEA134ABEF800300F
:10ADB00009FB0A3303EB174362454FEA134AE5D810
:10ADC000019FEB51043599E7013E9BE7A0CA0008BB
:10ADD000B1CA00082DE9F843154612F003020746F0
:10ADE0000E4607D0254C013A002354F82220FFF7E5
:10ADF0009FFE0646AD103DD0FC697CB91020FDF7E2
:10AE0000D3FF0246F86128B91D4B1E4840F2B3112A
:10AE100000F02EFCC0E901440460C460D7F81C8037
:10AE2000D8F808404CB940F271213846FFF712FFBC
:10AE30000023C8F80800044603604FF00009EB0740
:10AE40000AD5314622463846FFF71AFF314680467A
:10AE50003846FFF74BFE46466D100BD0206838B9D8
:10AE6000224621463846FFF70BFF2060C0F80090CD
:10AE70000446E4E73046BDE8F88300BF0CCB000889
:10AE800031CA0008B1CA00082DE9F0470C464968EC
:10AE9000236903EB6218A368074691464FEA621ADA
:10AEA00008F10106B3420BDB3846FFF7DFFD05462C
:10AEB00048B90246284B29484FF4EF7100F0D8FBFF
:10AEC00001315B00EEE7002300F1140100F11002F4
:10AED0001846534533DB20692AEAEA7A04F1140361
:10AEE00019F01F0901EB8A0103EB800C2BD0C9F18B
:10AEF000200E8A460022186800FA09F010434AF82A
:10AF0000040B53F8042B9C4522FA0EF2F3D8ACEB59
:10AF10000403153B23F00303043304F115008445B7
:10AF200038BF0423CA500AB108F10206013E384670
:10AF30002E612146FFF7DAFD2846BDE8F08742F88A
:10AF4000040F0133C5E7043953F8042B41F8042FEB
:10AF50009C45F9D8EAE700BFA0CA0008B1CA0008BA
:10AF60000A6903460069801A30B50ED114331431D2
:10AF700003EB820401EB820154F8045D51F8042DC7
:10AF8000954203D005D24FF0FF3030BDA342F3D33A
:10AF9000FBE70120F9E700002DE9F74F8946064657
:10AFA000114648461446FFF7DBFF051E12D129461D
:10AFB0003046FFF75BFD024628B93F4B40F2372190
:10AFC0003E4800F055FB0123C0E90435104603B0AC
:10AFD000BDE8F08FBCBF4B46A1463046D9F80410FF
:10AFE000BABF1C4601250025FFF740FD024618B9EF
:10AFF000314B40F24521E3E7D9F810702669C5606E
:10B0000009F1100309F1140504F1140E00F1140BF9
:10B0100005EB87080EEB86060193D9464FF0000C2E
:10B02000019B5EF8040B53F804AF01931FFA8AF3F7
:10B03000194683B2CB1A000C6344C0EB1A4000EBF4
:10B0400023409BB243EA0043764549F8043B4FEA6C
:10B05000204CE5D8331B153B23F003031534043390
:10B06000A64238BF04231D445B441E462C4644457B
:10B070000ED308F10301491B21F00301033DA8454C
:10B0800038BF00210B4453F8041D91B117619DE7AF
:10B0900054F8041BE646080C1CFA81FC714400EBD2
:10B0A0002C4089B241EA004146F8041B4FEA204C8B
:10B0B000DDE7013FE7E700BFA0CA0008B1CA00080A
:10B0C0002DE9F7430F46012159EC108B1646FFF787
:10B0D000CDFC044630B90246234B244840F20F31E0
:10B0E00000F0C6FAC9F30A55C9F313030DB143F4CE
:10B0F00080130193B8F1000323D068460093FFF753
:10B100007CFDDDE90012D0B1C0F1200302FA03F3A7
:10B110000B43C24063610192019BA361002B0CBFF2
:10B12000012202222261A5B1A5F2334505443D600A
:10B13000C0F135003060204603B0BDE8F0836161A6
:10B14000EAE701A8FFF759FD019B63612030012266
:10B15000E8E704EB8203A0F2324038601869FFF799
:10B160002DFDC0EB4210E5E7A0CA0008B1CA0008F7
:10B170009368013B002B10B4936008DA9469A342F2
:10B1800001DB0A2903D15DF8044BFEF790BC13687C
:10B19000581C1060197008465DF8044B7047F8B5EC
:10B1A00006460F461446D518AC4201D1002007E0F0
:10B1B00014F8011B3A463046FFF7DAFF431CF3D17F
:10B1C000F8BD00002DE9F04F0D469DB0144698469D
:10B1D000064618B1036A0BB9FEF780FB6B6ED90700
:10B1E00005D4AB899A0502D4A86DFEF798FDAB890A
:10B1F0001B0701D52B699BB929463046FEF796FC03
:10B2000070B16B6EDC0704D54FF0FF301DB0BDE8A8
:10B21000F08FAB899805F7D4A86DFEF781FDF3E7B1
:10B220000023099320238DF82930CDF80C8030239A
:10B23000DFF8AC818DF82A304FF0010923469A4699
:10B2400013F8012B0AB1252AF9D1BAEB040B0BD064
:10B250005B46224629463046FFF7A1FF013000F049
:10B26000A780099A5A4409929AF80030002B00F0FE
:10B270009F8000234FF0FF32CDE905230AF1010A38
:10B28000049307938DF853301A935446052214F80B
:10B29000011B5348F4F774FF049AD8B9D10644BF90
:10B2A00020238DF85330130744BF2B238DF85330E0
:10B2B0009AF800302A2B15D0079A544600204FF0F8
:10B2C0000A0C214611F8013B303B092B4BD9B0B198
:10B2D000079214E0A0EB080309FA03F31343049365
:10B2E000A246D2E7039B191D1B680391002BBBBF2D
:10B2F0005B4242F0020207930793B8BF049223789F
:10B300002E2B0AD163782A2B32D1039B1A1D1B687E
:10B31000039243EAE37302340593DFF8D4A0217863
:10B3200003225046F4F72CFF38B1049BA0EB0A002F
:10B330004022824013430134049314F8011B29482E
:10B340008DF828100622F4F71BFF00283FD0264B6B
:10B350001BBB039B073323F0070308330393099BAD
:10B360003B4409936AE70CFB02320C460120A8E734
:10B3700000230134059319464FF00A0C204610F8BB
:10B38000012B303A092A03D9002BC6D00591C4E716
:10B390000CFB012104460123F0E703AB00932A468E
:10B3A000124B04A93046FDF755FE0746781CD6D14E
:10B3B0006B6ED90705D4AB899A0502D4A86DFEF748
:10B3C000AFFCAB895B063FF51FAF09981EE703ABE7
:10B3D00000932A46054B04A93046FEF7D3F8E4E76C
:10B3E00008CC000812CC0008559000089FB1000856
:10B3F0000ECC0008B1F90C202DE9F04116070546E6
:10B400000C4654D44B68002B02DC0B6C002B48DD3F
:10B41000E66A002E45D0002312F480522F68216A7C
:10B420002B6030D0626DA389590705D56368D21AA5
:10B43000636B0BB1236CD21A0023E66A216A28469B
:10B44000B047431CA38906D129681D292BD82A4A55
:10B450000A41D60727D400226260D90422692260FB
:10B4600004D5421C01D12B6803B96065616B2F6064
:10B47000B9B104F14403994202D02846FFF7ACFA6F
:10B48000002363630DE001232846B0470246501CA9
:10B49000C9D12B68002BC6D01D2B01D0162B1ED175
:10B4A0002F60002022E043F040031BB21BE00F6935
:10B4B000002FF6D093070E6808BF4B690F6018BFC6
:10B4C0000023A6EB07088B60B8F1000FE9DD216AC5
:10B4D000A66A43463A462846B047002808DCB4F935
:10B4E0000C3043F04003A3814FF0FF30BDE8F08102
:10B4F0000744A8EB0008E7E7FEFFBFDF38B50B699C
:10B5000005460C4613B90025284638BD18B1036A14
:10B510000BB9FEF7E3F9B4F90C30002BF3D0626EEF
:10B52000D00704D4990502D4A06DFEF7F8FB284695
:10B530002146FFF75FFF636EDA070546E4D4A3896F
:10B540009B05E1D4A06DFEF7EBFBDDE770B50C4683
:10B55000B1F90E10002996B015461E460DDAA389E2
:10B5600013F0800F4FF0000114BF40234FF48063AD
:10B57000002031602B6016B070BD6A4600F056F8AE
:10B580000028ECDB019901F47041A1F50053594208
:10B5900059414FF48063EBE78B89F7B59D07064669
:10B5A0000C4607D504F1470323602361012363613F
:10B5B00003B0F0BD01AB6A46FFF7C8FF009F054628
:10B5C00039463046FDF71AFC48B9B4F90C309A05F3
:10B5D000EED423F0030343F00203A381E2E7A3893F
:10B5E000206043F08003A381019BC4E904075BB1A1
:10B5F000B4F90E10304600F02BF828B1A38923F0DF
:10B60000030343F00103A381A3891D43A581CFE771
:10B61000C9B20346184613F8012B12B18A42F9D178
:10B620007047002918BF00207047000038B5074D4B
:10B6300000230446084611462B60F6F730FF431CF2
:10B6400002D12B6803B1236038BD00BFFC08002085
:10B6500038B5064D0023044608462B60F6F72FFF49
:10B66000431C02D12B6803B1236038BDFC080020C5
:10B670001FB514461A46094B1B680546D86854B9CD
:10B68000074B1C46CDE9013400912B46054900F0DB
:10B6900041F800F051F8044BF4E700BF2800002007
:10B6A0005ECC000830CC000823CC000870B5A1FBAC
:10B6B00002543CB92946FDF7A1FB064628B90026ED
:10B6C000304670BD0C220260F9E72A462146FEF79B
:10B6D00083FAF5E782B001B901A942B14BB1137801
:10B6E0000B601278101E18BF012002B07047104680
:10B6F000FBE76FF00100F8E70346084641B1FF2A77
:10B7000004D98A221A604FF0FF3070470A70012076
:10B71000704700000EB403B5014603AB054853F86B
:10B72000042B00680193FFF74DFD02B05DF804EBB8
:10B7300003B070472800002008B5062000F02CF860
:10B740000120F6F778FE1F2938B505460C4604D9C6
:10B75000162303604FF0FF3038BDC26B12B152F8B0
:10B7600021304BB9284600F031F8224601462846E0
:10B77000BDE8384000F018B8012B0AD0591C03D19D
:10B78000162303600120E7E7002142F82410204639
:10B7900098470020E0E70000024B01461868FFF7D9
:10B7A000D2BF00BF2800002038B5074D0023044653
:10B7B000084611462B60F6F72EFE431C02D12B687B
:10B7C00003B1236038BD00BFFC080020F6F71BBEA4
:10B7D000F8B500BFF8BC08BC9E467047F8B500BF7E
:08B7E000F8BC08BC9E4670474E
:10B7E800666C6173682F746573743100666C61737D
:10B7F800682F746573743200666C6173682F7465A2
:10B80800737433002D2D20466C6173682074657342
:10B8180074202D2D2D0000002D2D20466C6173689D
:10B82800207465737431202D2D2D00006D61696EB3
:10B83800206C6F6F70202C2025640D0A000000001A
:10B84800433A2F576F726B73706163652F736F6C18
:10B85800745F70726A2F53544D3332437562655763
:10B86800422D6D61737465722F53544D3332437595
:10B87800626557422D6D61737465722F50726F6ADD
:10B88800656374732F53544D33325742354D4D2DE4
:10B89800444B2F4170706C69636174696F6E732FCC
:10B8A800424C452F424C455F486561727452617441
:10B8B800652F53544D33325F5750414E2F417070AE
:10B8C8002F6170705F626C652E630000446562755D
:10B8D800673A205B25735D5B25735D5B25645D209E
:10B8E8000D0A200020204661696C2020203A205350
:10B8F8004843495F43325F424C455F496E69742053
:10B90800636F6D6D616E642C20726573756C743A2B
:10B91800203078253032780A0D0D0A002020537522
:10B9280063636573733A20534843495F43325F4208
:10B938004C455F496E697420636F6D6D616E640A72
:10B948000D0D000042445F61643D2530327825309A
:10B9580032782530327825303278253032782530E3
:10B9680032780000424C4520537461636B3D762564
:10B97800642E25642E2564004272616E63683D253D
:10B988006420547970653D256400000046555320B5
:10B998007625642E25642E25640000005354204229
:10B9A8004C4520486561727420526174650000003E
:10B9B8004144564552544953494E4700000000003F
:10B9C800000000000000000000000000000000006F
:10B9D800440008004005020112299C00F4010002FD
:10B9E800FFFFFFFF480101000020D8060003720690
:10B9F800000000000D0000003E3E3D3D2048434948
:10BA08005F444953434F4E4E454354494F4E5F435D
:10BA18004F4D504C4554455F4556545F434F444540
:10BA28000A0D000020202020202D20436F6E6E6517
:10BA38006374696F6E2048616E646C653A202020DB
:10BA4800307825780A20202020202D205265617327
:10BA58006F6E3A20202020307825780A0D0D0A00D4
:10BA68003E3E3D3D204843495F4C455F434F4E4E67
:10BA7800454354494F4E5F5550444154455F434FE9
:10BA88004D504C4554455F5355424556545F434FBE
:10BA980044450D0A0D00000020202020202D2043C1
:10BAA8006F6E6E656374696F6E20496E7465727629
:10BAB800616C3A202020252E3266206D730D0A20F5
:10BAC800202020202D20436F6E6E656374696F6E91
:10BAD800206C6174656E63793A2020202025640DFE
:10BAE8000A20202020202D205375706572766973F6
:10BAF800696F6E2054696D656F75743A20256420EE
:10BB08006D730A0D0D0A00003D3D3E3E2048434935
:10BB18005F4C455F5048595F5550444154455F4319
:10BB28004F4D504C4554455F5355424556545F431D
:10BB38004F4445202D200D00737461747573206F78
:10BB48006B200D0A0D000000737461747573206E0C
:10BB58006F6B200D0A0D00003D3D3E3E2068636975
:10BB68005F6C655F726561645F706879203A206612
:10BB780061696C0A0D0D00003D3D3E3E2068636919
:10BB88005F6C655F726561645F706879202D205312
:10BB9800756363657373200D0A0D00003D3D3E3EDD
:10BBA8002050485920506172616D202054583D2022
:10BBB80025642C2052583D202564200A0D0D0A00CA
:10BBC8003E3E3D3D204843495F4C455F434F4E4E06
:10BBD800454354494F4E5F434F4D504C4554455F84
:10BBE8005355424556545F434F4445202D20436FDB
:10BBF8006E6E656374696F6E2068616E646C653A19
:10BC080020307825780A0D0A000000002020202026
:10BC1800202D20436F6E6E656374696F6E206573A7
:10BC28007461626C6973686564207769746820431D
:10BC3800656E7472616C3A20403A253032783A2544
:10BC48003032783A253032783A253032783A253011
:10BC580032783A253032780A0D0A0000434F4E4EAA
:10BC680045435445442020003E3E3D3D2041434944
:10BC78005F4741505F4C494D495445445F444953DF
:10BC8800434F56455241424C455F56534556545FC3
:10BC9800434F4445200A0D003E3E3D3D2041434967
:10BCA8005F4741505F504153535F4B45595F524581
:10BCB800515F56534556545F434F4445200A0D0083
:10BCC8003D3D3E3E206163695F6761705F706173EF
:10BCD800735F6B65795F72657370203A204661699E
:10BCE8006C2C20726561736F6E3A20307825780A63
:10BCF8000D0A00003D3D3E3E206163695F6761704B
:10BD08005F706173735F6B65795F72657370203AFA
:10BD18002053756363657373200A0D003E3E3D3DF5
:10BD2800204143495F4741505F415554484F52496C
:10BD38005A4154494F4E5F5245515F5653455654E8
:10BD48005F434F44450A0D003D3D3E3E2041434977
:10BD58005F4741505F5045524950484552414C5FFA
:10BD680053454355524954595F494E4954494154E2
:10BD780045445F56534556545F434F4445200A0D8A
:10BD8800000000003D3D3E3E204143495F47415091
:10BD98005F424F4E445F4C4F53545F565345565481
:10BDA8005F434F4445200A0D000000003D3D3E3EE4
:10BDB800206163695F6761705F616C6C6F775F7248
:10BDC80065626F6E64203A204661696C2C2072654A
:10BDD80061736F6E3A20307825780A0D0A000000EA
:10BDE8003D3D3E3E206163695F6761705F616C6CD9
:10BDF8006F775F7265626F6E64203A205375636374
:10BE0800657373200A0D00003E3E3D3D20414349C5
:10BE18005F4741505F414444525F4E4F545F524523
:10BE2800534F4C5645445F56534556545F434F4411
:10BE380045200A0D000000003E3E3D3D204143499B
:10BE48005F4741505F4B455950524553535F4E4FE2
:10BE580054494649434154494F4E5F5653455654F9
:10BE68005F434F44450A0D003E3E3D3D2041434956
:10BE78005F4741505F4E554D455249435F434F4DD3
:10BE880050415249534F4E5F56414C55455F5653AA
:10BE98004556545F434F44450A0D0000202020209A
:10BEA800202D206E756D657269635F76616C7565AE
:10BEB800203D20256C640A0D0A0000002020202067
:10BEC800202D204865785F76616C7565203D2025BA
:10BED8006C780A0D0A0000003D3D3E3E2061636912
:10BEE8005F6761705F6E756D657269635F636F6DC3
:10BEF80070617269736F6E5F76616C75655F636F91
:10BF08006E6669726D5F7965736E6F2D2D3E59454A
:10BF180053203A204661696C2C20726561736F6EFC
:10BF28003A20307825780A0D0A0000003D3D3E3E53
:10BF3800206163695F6761705F6E756D65726963C3
:10BF48005F636F6D70617269736F6E5F76616C7538
:10BF5800655F636F6E6669726D5F7965736E6F2D6D
:10BF68002D3E594553203A205375636365737320FA
:10BF78000A0D00003E3E3D3D204143495F47415088
:10BF88005F50414952494E475F434F4D504C4554CD
:10BF9800455F56534556545F434F44450A0D0000CC
:10BFA80020202020202D2050616972696E6720535F
:10BFB8007563636573730A0D00000000202020205C
:10BFC800202D2050616972696E67204B4F200D0A41
:10BFD80020202020202D205374617475733A20305E
:10BFE8007825780D0A20202020202D2052656173A5
:10BFF8006F6E3A20307825780A0D0A000A0D000085
:10C008003E3E3D3D204143495F4741505F50524FBE
:10C01800435F434F4D504C4554455F565345565426
:10C028005F434F4445200D0D000000003E3E3D3D5E
:10C03800204143495F474154545F494E4449434175
:10C0480054494F4E5F56534556545F434F4445201D
:10C058000D0D00003D3D3E3E206163695F676170E4
:10C068005F636C6561725F73656375726974795F2C
:10C078006462202D204661696C2C20726573756C92
:10C08800743A202564200A0D0A0000003D3D3E3E1A
:10C09800206163695F6761705F636C6561725F737C
:10C0A800656375726974795F6462202D20537563C6
:10C0B800636573730A0D00003D3D3E3E2061636970
:10C0C8005F6761705F736C6176655F7365637572D6
:10C0D8006974795F7265712829204661696C202C22
:10C0E80020726573756C743A202564200A0D0A0065
:10C0F8003D3D3D3E3E206163695F6761705F736CE3
:10C108006176655F73656375726974795F7265716D
:10C11800202D20537563636573730A0D00000000BA
:10C128003D3D3E3E20537461727420426C655F4809
:10C1380063695F4761705F476174745F496E6974D2
:10C148002066756E6374696F6E0A0D002020466163
:10C15800696C2020203A206863695F726573657492
:10C1680020636F6D6D616E642C20726573756C74DD
:10C178003A2030782578200A0D0A000020205375CF
:10C1880063636573733A206863695F726573657486
:10C1980020636F6D6D616E640A0D0000202046619A
:10C1A800696C2020203A206163695F68616C5F7761
:10C1B800726974655F636F6E6669675F64617461F5
:10C1C80020636F6D6D616E64202D20434F4E46498C
:10C1D800475F444154415F505542414444525F4F88
:10C1E80046465345542C20726573756C743A20305A
:10C1F800782578200A0D0A0020205375636365733B
:10C20800733A206163695F68616C5F77726974650E
:10C218005F636F6E6669675F6461746120636F6DE9
:10C228006D616E64202D20434F4E4649475F44415F
:10C2380054415F505542414444525F4F464653452E
:10C24800540A0D0020205075626C696320426C7599
:10C2580065746F6F746820416464726573733A2003
:10C26800253032783A253032783A253032783A25F6
:10C278003032783A253032783A253032780A0D0A49
:10C288000000000020204661696C2020203A2061CF
:10C2980063695F68616C5F77726974655F636F6E0D
:10C2A8006669675F6461746120636F6D6D616E6458
:10C2B800202D20434F4E4649475F444154415F4932
:10C2C800525F4F46465345542C20726573756C7403
:10C2D8003A2030782578200A0D0A0000202053756E
:10C2E80063636573733A206163695F68616C5F7744
:10C2F800726974655F636F6E6669675F64617461B4
:10C3080020636F6D6D616E64202D20434F4E46494A
:10C31800475F444154415F49525F4F464653455435
:10C328000A0D000020204661696C2020203A206117
:10C3380063695F68616C5F77726974655F636F6E6C
:10C348006669675F6461746120636F6D6D616E64B7
:10C35800202D20434F4E4649475F444154415F4595
:10C36800525F4F46465345542C20726573756C7462
:10C378003A2030782578200A0D0A000020205375CD
:10C3880063636573733A206163695F68616C5F77A3
:10C39800726974655F636F6E6669675F6461746113
:10C3A80020636F6D6D616E64202D20434F4E4649AA
:10C3B800475F444154415F45525F4F464653455499
:10C3C8000A0D000020204661696C2020203A206177
:10C3D80063695F68616C5F7365745F74785F706FC1
:10C3E8007765725F6C6576656C20636F6D6D616EE5
:10C3F800642C20726573756C743A20307825782027
:10C408000A0D0A002020537563636573733A20612F
:10C4180063695F68616C5F7365745F74785F706F80
:10C428007765725F6C6576656C20636F6D6D616EA4
:10C43800640A0D0020204661696C2020203A2061A2
:10C4480063695F676174745F696E697420636F6D97
:10C458006D616E642C20726573756C743A20307847
:10C468002578200A0D0A0000202053756363657340
:10C47800733A206163695F676174745F696E697498
:10C4880020636F6D6D616E640A0D0000485253544D
:10C498004D00000020204661696C2020203A206170
:10C4A80063695F6761705F696E697420636F6D6D42
:10C4B800616E642C20726573756C743A203078252F
:10C4C80078200A0D0A000000202053756363657305
:10C4D800733A206163695F6761705F696E69742090
:10C4E800636F6D6D616E640A0D0000002020466167
:10C4F800696C2020203A206863695F6C655F73650A
:10C50800745F64656661756C745F70687920636FC9
:10C518006D6D616E642C20726573756C743A203091
:10C52800782578200A0D0A00202053756363657307
:10C53800733A206863695F6C655F7365745F6465EF
:10C548006661756C745F70687920636F6D6D616E7C
:10C55800640A0D0020204661696C2020203A206181
:10C5680063695F6761705F7365745F696F5F63615B
:10C57800706162696C69747920636F6D6D616E6456
:10C588002C20726573756C743A2030782578200AEF
:10C598000D0A00002020537563636573733A2061A8
:10C5A80063695F6761705F7365745F696F5F63611B
:10C5B800706162696C69747920636F6D6D616E6416
:10C5C8000A0D000020204661696C2020203A206175
:10C5D80063695F6761705F7365745F6175746865CF
:10C5E8006E7469636174696F6E5F72657175697283
:10C5F800656D656E7420636F6D6D616E642C20725D
:10C608006573756C743A2030782578200A0D0A0015
:10C618002020537563636573733A206163695F67AC
:10C6280061705F7365745F61757468656E74696362
:10C638006174696F6E5F726571756972656D656E3B
:10C648007420636F6D6D616E640A0D002020466171
:10C65800696C2020203A206163695F6761705F63BD
:10C668006F6E6669677572655F77686974656C690E
:10C67800737420636F6D6D616E642C2072657375C1
:10C688006C743A2030782578200A0D0A00000000E2
:10C698002020537563636573733A206163695F672C
:10C6A80061705F636F6E6669677572655F776869E9
:10C6B80074656C69737420636F6D6D616E640A0DC7
:10C6C800000000003D3D3E3E20456E6420426C6502
:10C6D8005F4863695F4761705F476174745F496E63
:10C6E80069742066756E6374696F6E0A0D0D0000BB
:10C6F8003D3D3E3E206163695F6761705F736574AD
:10C708005F6E6F6E5F646973636F76657261626C8A
:10C7180065202D2053746F702041647665727469AA
:10C7280073696E67204661696C6564202C207265A8
:10C7380073756C743A202564200A0D0A0000000005
:10C748003D3D3E3E206163695F6761705F7365745C
:10C758005F6E6F6E5F646973636F76657261626C3A
:10C7680065202D205375636365737366756C6C79EA
:10C778002053746F707065642041647665727469C3
:10C7880073696E67200A0D003D3D3E3E2061636976
:10C798005F6761705F7365745F646973636F766503
:10C7A8007261626C65202D206661696C2C2072654F
:10C7B80073756C743A2030782578200A0D0A0000C9
:10C7C8003D3D3E3E206163695F6761705F736574DC
:10C7D8005F646973636F76657261626C65202D2092
:10C7E800537563636573730A0D0000003D3D3E3E5B
:10C7F80020537461727420466173742041647665B5
:10C8080072746973696E67204661696C6564202C6F
:10C8180020726573756C743A202564200A0D0D0A20
:10C82800000000003D3D3E3E205374617274204C70
:10C838006F7720506F7765722041647665727469EE
:10C8480073696E67204661696C6564202C20726587
:10C8580073756C743A202564200A0D0D0A000000D7
:10C868003D3D3E3E20537563636573733A205374B0
:10C8780061727420466173742041647665727469CC
:10C8880073696E67200A0D0D000000003D3D3E3EB5
:10C8980020537563636573733A205374617274200F
:10C8A8004C6F7720506F776572204164766572749B
:10C8B8006973696E67200A0D0D0000001200000000
:10C8C80024000000360000004000000006000000C0
:10C8D8000C00000010000000000000000100000033
:10C8E80002000000030000004150505F424C455FC9
:10C8F8004B65795F427574746F6E315F416374691B
:10C908006F6E00004150505F424C455F4B65795F48
:10C91800427574746F6E325F416374696F6E0000A4
:10C9280001000000030000000500000001000000F5
:10C9380001000000060000000A00000020000000BE
:10C9480002000000040000000800000010000000C1
:10C95800400000008000000000010000000200000C
:10C9680000000000000000000000000000000000BF
:10C9780001000000020000000300000004000000A5
:10C98800A0860100400D0300801A060000350C0047
:10C9980040420F0080841E0000093D0000127A000A
:10C9A8000024F40000366E010048E801006CDC0247
:10C9B800000000000000000000000000000000006F
:10C9C800010002000400060008000A000C00100024
:10C9D8002000400080000001010101030701000060
:10C9E8000804020408010101494E4600696E660008
:10C9F8004E414E006E616E003000303132333435B6
:10CA080036373839414243444546003031323334B1
:10CA1800353637383961626364656600496E666920
:10CA28006E697479004E614E005245454E54206D32
:10CA3800616C6C6F6320737563636565646564001E
:10CA48002F6275696C642F676E752D746F6F6C73C8
:10CA58002D666F722D73746D33325F31322E332E23
:10CA680072656C312E32303234303932362D3137EE
:10CA780031352F7372632F6E65776C69622F6E651F
:10CA8800776C69622F6C6962632F7374646C696276
:10CA98002F64746F612E630042616C6C6F63207346
:10CAA8007563636565646564002F6275696C642FDE
:10CAB800676E752D746F6F6C732D666F722D73743E
:10CAC8006D33325F31322E332E72656C312E323037
:10CAD8003234303932362D313731352F7372632F76
:10CAE8006E65776C69622F6E65776C69622F6C6909
:10CAF80062632F7374646C69622F6D707265632E44
:10CB08006300000005000000190000007D0000001F
:10CB18000080E03779C34143176E05B5B5B8934631
:10CB2800F5F93FE9034F384D321D30F94877825AFD
:10CB38003CBF737FDD4F1575000000000000F03F1B
:10CB480000000000000024400000000000005940E0
:10CB58000000000000408F40000000000088C34033
:10CB680000000000006AF8400000000080842E41A8
:10CB780000000000D01263410000000084D79741F4
:10CB88000000000065CDCD41000000205FA00242FA
:10CB9800000000E876483742000000A2941A6D426F
:10CBA800000040E59C30A2420000901EC4BCD64262
:10CBB80000003426F56B0C430080E03779C341430D
:10CBC80000A0D8855734764300C84E676DC1AB4383
:10CBD800003D9160E458E143408CB5781DAF1544A1
:10CBE80050EFE2D6E41A4B4492D54D06CFF080447C
:10CBF800F64AE1C7022DB544B49DD9794378EA4491
:10CC0800232D302B2000686C4C006566674546472D
:10CC1800004300504F534958002E002C2066756E73
:10CC28006374696F6E3A2000617373657274696F1B
:10CC38006E2022257322206661696C65643A20663D
:10CC4800696C6520222573222C206C696E6520256D
:10CC580064257325730A000020202020202020202E
:10CC68002028282828282020202020202020202094
:10CC780020202020202020208810101010101010B4
:10CC880010101010101010100404040404040404FC
:10CC9800040410101010101010414141414141018D
:10CCA800010101010101010101010101010101016C
:10CCB800010101101010101010424242424242027B
:10CCC800020202020202020202020202020202023C
:10CCD80002020210101010200000000000000000E6
:10CCE800000000000000000000000000000000003C
:10CCF800000000000000000000000000000000002C
:10CD0800000000000000000000000000000000001B
:10CD1800000000000000000000000000000000000B
:10CD280000000000000000000000000000000000FB
:10CD380000000000000000000000000000000000EB
:10CD480000000000000000000000000000000000DB
:08CD58000000000000000000D3
:08CD60002034FF7F01000000F8
:04CD68006501000859
:04CD6C004101000879
:10CD700000093D001000000001000000FFFFFFFF60
:10CD8000FFFFFFFF0000000003000000C0070020BD
:10CD90002C00002000000000C00700202808002010
:10CDA00090080020000000000000000000000000CB
:10CDB0000000000000000000000000000000000073
:10CDC0000000000000000000000000000000000063
:10CDD0000000000000000000000000000000000053
:10CDE0004300000000000000000000000000000000
:10CDF0000000000000000000000000000000000033
:10CE000043000000000000000000000000000000DF
:10CE10000000000000000000000000000000000012
:10CE200043000000000000000000000000000000BF
:10CE300000000000000000000000000000000000F2
:10CE4000430000000000000000000000000000009F
:10CE500000000000000000000000000000000000D2
:10CE6000430000000000000000000000000000007F
:10CE700000000000000000000000000000000000B2
:10CE8000430000000000000000000000000000005F
:10CE90000000000000000000000000000000000092
:10CEA000430000000000000000000000000000003F
:10CEB0000000000000000000000000000000000072
:10CEC000F9B60008D5B60008000000005FCC0008E5
:10CED00021CC00085ECC00085ECC00085ECC0008C7
:10CEE0005ECC00085ECC00085ECC00085ECC00087A
:10CEF0005ECC00085ECC0008FFFFFFFFFFFFFFFFD6
:10CF0000FFFFFFFFFFFF00000100415343494900BD
:10CF10000000000000000000000000000000000011
:10CF20000000000000000000000041534349490098
:10CF300000000000000000000000000000000000F1
:0CCF4000000000000000000000000000E5
:10CF4C0000000000000000000000000000000000D5
:01CF5C0000D4
:0400000508000E6180
:00000001FF
